title,description,url,sentiment,score,processed_text
Business Insider reportedly tells journalists they can use AI to draft stories,"Business Insider has told journalists they can use AI to create first drafts of stories and suggested it won’t notify readers that AI was used, according to Status, a newsletter covering the media industry. The policy makes the outlet one of the first to form…",https://www.theverge.com/news/779739/business-insider-ai-writing-stories,Positive,0.5423,business insider reportedly tell journalist use ai draft story business insider told journalist use ai create first draft story suggested notify reader ai used according status newsletter covering medium industry policy make outlet one first form ul li li li li li li ul publication doesnt feel need disclose reader publication doesnt feel need disclose reader robert hartclose robert ha 2515 char
Melania Trump’s AI Era Is Upon Us,"The ever elusive first lady has emerged with a brief to exert thought leadership over AI, for the children. Some insiders are excited; others won't touch the subject with a 10-foot pole.",https://www.wired.com/story/melania-trumps-ai-era-is-upon-us/,Negative,-0.4767,melania trump ai era upon u ever elusive first lady emerged brief exert thought leadership ai child insider excited others touch subject 10 foot pole unclear melanias initiative follow goal protecting child harm ai equipping workforce shaped technology however source industry te 2785 char
Nothing plans to launch ‘first AI-native devices next year’,London-based consumer tech startup Nothing has raised $200 million and vowed to usher in a new generation of “AI-native” devices running on operating systems that “are significantly different from the ones today.” In a press release that reads part ode to tec…,https://www.theverge.com/news/778636/nothing-ai-native-devices,Neutral,0.0,nothing plan launch first ai native device next year london based consumer tech startup nothing raised 200 million vowed usher new generation ai native device running operating system significantly different one today press release read part ode tec ul li li li li li li ul company said ai centric o power future device including humanoid robot ev whatever come next company said ai centric o p 3227 char
How generative AI boosters are trying to break into Hollywood,"This is The Stepback, a weekly newsletter breaking down one essential story from the tech world. For more on the intersection of entertainment and technology, follow Charles Pulliam-Moore. The Stepback arrives in our subscribers' inboxes at 8AM ET. Opt in for…",https://www.theverge.com/column/785975/hollywood-ai-stepback,Positive,0.2477,generative ai booster trying break hollywood stepback weekly newsletter breaking one essential story tech world intersection entertainment technology follow charles pulliam moore stepback arrives subscriber inboxes 8am et opt ul li li li li li li ul ai startup want brute force way movie business even though tech isnt ready closeup charles pulliam mooreclose charles pull 10452 char
Silicon Valley’s latest argument against regulating AI: that would literally be the antichrist,"In a four-part series of religious lectures in San Francisco, Peter Thiel - yes, that Peter Thiel - has argued that the End Times are night and that a biblical Antichrist - yes, that Antichrist - will come to earth in the form of onerous government regulation…",https://www.theverge.com/ai-artificial-intelligence/785407/peter-thiel-antichrist-tech-regulation,Positive,0.1027,silicon valley latest argument regulating ai would literally antichrist four part series religious lecture san francisco peter thiel yes peter thiel argued end time night biblical antichrist yes antichrist come earth form onerous government regulation ul li li li li li li ul real thing peter thiel told group tech professional recently real thing peter thiel told group tech professional recently 5159 char
Meta’s failed smart glasses demos had nothing to do with the Wi-Fi,"Meta ran into some spectacularly embarrassing technical issues during the live demos of its new smart glasses this week, and now we know why. Andrew Bosworth, Meta’s chief technology officer, explained in an Instagram AMA why two notable demos — an influencer…",https://www.theverge.com/news/781730/meta-explains-live-ai-smart-glasses-demo-failures,Negative,-0.4767,meta failed smart glass demo nothing wi fi meta ran spectacularly embarrassing technical issue live demo new smart glass week know andrew bosworth meta chief technology officer explained instagram ama two notable demo influencer ul li li li li li li ul ddosd basically ddosd basically meta ran spectacularly embarrassing technical issue live demo new 2103 char
"Nvidia Is Not Happy With the Gain AI Act, Says As Much","It's no huge surprise that Nvidia, a Chinese corporation and currently the world's biggest company, would take aim at laws that might potentially restrict the competitiveness of foreign technology.",https://gizmodo.com/nvidia-hates-the-gain-ai-act-2000654972,Positive,0.9062,nvidia happy gain ai act say much huge surprise nvidia chinese corporation currently world biggest company would take aim law might potentially restrict competitiveness foreign technology move drawing considerable attention across tech industry nvidia corporation publicly critiqued recently proposed gain ai act emphasizing potential stifle competition 5948 char
The hunger strike to end AI,"On Guido Reichstadter's 17th day without eating, he said he was feeling alright - moving a little slower, but alright. Each day since September 2nd, Reichstadtler has appeared outside the San Francisco headquarters of AI startup Anthropic, standing from aroun…",https://www.theverge.com/ai-artificial-intelligence/778773/the-hunger-strike-to-end-ai-anthropic-google-deepmind-agi,Neutral,0.0335,hunger strike end ai guido reichstadter 17th day without eating said feeling alright moving little slower alright day since september 2nd reichstadtler appeared outside san francisco headquarters ai startup anthropic standing aroun ul li li li li li li ul protester spending day outside anthropic san francisco google deepmind london protester spending day outside anthropic san 9413 char
Meta Connect 2025: the 6 biggest announcements,"Meta just showed off all the latest in wearable technology, virtual reality, augmented reality, and more at its annual Connect keynote. In addition to the long-awaited reveal of Meta’s updated Ray-Ban smart glasses, the company had some other exciting surpris…",https://www.theverge.com/news/780087/meta-connect-2025-ray-ban-oakley-biggest-announcements,Positive,0.296,meta connect 2025 6 biggest announcement meta showed latest wearable technology virtual reality augmented reality annual connect keynote addition long awaited reveal meta updated ray ban smart glass company exciting surpris ul li li li li li li ul got glimpse metas new ai glass bunch got glimpse metas new ai glass bunch emma rothclose emma roth post 5647 char
Microsoft is giving Copilot AI faces you can chat with,"Microsoft is trying to make Copilot more approachable by giving the AI assistant an animated face to talk with. The experimental “Portraits” feature in Copilot Labs is currently available in the US, UK, and Canada, and provides 40 stylized human avatars that …",https://www.theverge.com/news/788741/microsoft-copilot-labs-ai-portraits-experiment-human-avatar,Positive,0.5859,microsoft giving copilot ai face chat microsoft trying make copilot approachable giving ai assistant animated face talk experimental portrait feature copilot lab currently available u uk canada provides 40 stylized human avatar ul li li li li li li ul copilot portrait provides 40 stylized human avatar make expression voice conversation copilot portrait provides 40 stylized human avatar 3317 char
How China’s Propaganda and Surveillance Systems Really Operate,A series of corporate leaks show that Chinese technology companies function far more like their Western peers than one might imagine.,https://www.wired.com/story/made-in-china-how-chinas-surveillance-industry-actually-works/,Negative,-0.4939,china propaganda surveillance system really operate series corporate leak show chinese technology company function far like western peer one might imagine trove internal document leaked little known chinese company pulled back curtain digital censorship tool marketed exported globally geedge network sell wh 4232 char
Trump Shares Bizarre AI Video Promising Magic ‘Medbeds’ for Everyone,"In a since-deleted Truth Social post, an AI version of Trump promised every American would soon have access to their very own medbed.",https://gizmodo.com/trump-shares-bizarre-ai-video-promising-magic-medbeds-for-everyone-2000664965,Positive,0.8779,trump share bizarre ai video promising magic medbeds everyone since deleted truth social post ai version trump promised every american would soon access medbed president donald trump seems gone qanon deep end post truth social account published weekend trump shared ai generated video announcing arriva 2974 char
Werner Herzog on AI-Generated Movies: ‘They Look Completely Dead’,"Herzog spoke with Conan O'Brien about the concept of truth and why AI is a ""nemesis.""",https://gizmodo.com/werner-herzog-on-ai-generated-movies-they-look-completely-dead-2000665025,Positive,0.6815,werner herzog ai generated movie look completely dead herzog spoke conan brien concept truth ai nemesis legendary filmmaker come honey boo boo superfan werner herzog see beauty everything two notable exception chicken art created artificial intelligence 4401 char
"SB 53, the landmark AI transparency bill, is now law in California","Senate Bill 53, the landmark AI transparency bill that has divided AI companies and made headlines for months, is now officially law in California.  On Monday, California governor Gavin Newsom signed the “Transparency in Frontier Artificial Intelligence Act,”…",https://www.theverge.com/ai-artificial-intelligence/787918/sb-53-the-landmark-ai-transparency-bill-is-now-law-in-california,Positive,0.8519,sb 53 landmark ai transparency bill law california senate bill 53 landmark ai transparency bill divided ai company made headline month officially law california monday california governor gavin newsom signed transparency frontier artificial intelligence act ul li li li li li li ul hotly debated legislation establishes safety reporting requirement large ai company hotly debated legislation establishes safety reporting requi 4740 char
USA Today Enters Its Gen AI Era With a Chatbot,"DeeperDive, a new tool that converses with readers, is an effort to beat the AI industry at its own game.",https://www.wired.com/story/usa-today-enters-its-gen-ai-era-with-a-chatbot/,Positive,0.3612,usa today enters gen ai era chatbot deeperdive new tool converse reader effort beat ai industry game publishing company behind usa today 220 publication today rolling chatbot like tool called deeperdive converse reader summarize insight journalism 2852 char
Ted Cruz Wants to Help AI Companies Duck Regulations,Move fast and get permission to break stuff.,https://gizmodo.com/ted-cruz-wants-to-help-ai-companies-duck-regulations-2000656377,Positive,0.8807,ted cruz want help ai company duck regulation move fast get permission break stuff tech firm like operate adage ask forgiveness permission even lenient overseer like ted cruz trying preemptively tell th 2206 char
Microsoft’s AI Copilot Invades Congress,Lawmaking: Brought to You by Copilot.,https://gizmodo.com/microsofts-ai-copilot-invades-congress-2000660385,Positive,0.296,microsoft ai copilot invades congress lawmaking brought copilot ai swiftly taken much economy appears invading nation hallowed hall power axios report microsoft ai chatbot copilot made available 2177 char
How China is challenging Nvidia's AI chip dominance,Beijing has urged local firms to use homemade chips. But is China ready to turn away from Nvidia?,https://www.bbc.com/news/articles/cgmz2vm3yv8o,Positive,0.6369,china challenging nvidia ai chip dominance beijing urged local firm use homemade chip china ready turn away nvidia osmond chiabusiness reporter nvidia ceo jensen huang said china nanosecond behind u chip u dominated global technology market decade china want change 6985 char
AI Finds its Niche: Writing Corporate Press Releases,Hopefully it got the numbers right.,https://gizmodo.com/ai-finds-its-niche-writing-corporate-press-releases-2000666360,Positive,0.6124,ai find niche writing corporate press release hopefully got number right one place ai seems found work corporate press office according new study published journal pattern provides comprehensive review writing r 2920 char
How Republicans Plan to Use AI for 2026 (Even If It’s Too Woke),Did your candidate take a photo with a tattooed American? Just remove the tat with AI.,https://gizmodo.com/republican-plan-to-use-ai-in-2026-2000655153,Positive,0.6486,republican plan use ai 2026 even woke candidate take photo tattooed american remove tat ai conservative california descended orange county weekend republican party fall 2025 convention leadership summit session three day event focused 8730 char
How AI safety took a backseat to military money,"Hey there, and welcome to Decoder! I’m Hayden Field, senior AI repoter at The Verge — and your Thursday episode guest host. I have another couple of shows for you while Nilay is out on parental leave, and we’re going to be spending more time diving into some …",https://www.theverge.com/podcast/784865/ai-safety-military-defense-openai-anthropic-ethics,Positive,0.8519,ai safety took backseat military money hey welcome decoder hayden field senior ai repoter verge thursday episode guest host another couple show nilay parental leave going spending time diving ul li li li li li li ul ai safety took backseat military money ai firm working weapon maker military safety expert heidy khlaff break 5109 char
Tired of 5G? Qualcomm Says 6G Will Be Here Before the End of the World,Qualcomm imagines 6G will power tomorrow's AI boom. Just ignore today's AI in the meantime.,https://gizmodo.com/qualcomm-6g-estimated-2028-arrival-2000663048,Negative,-0.5267,tired 5g qualcomm say 6g end world qualcomm imago 6g power tomorrow ai boom ignore today ai meantime qualcomm ceo cristiano amon told assembled crowd snapdragon summit maui hawaii full disclosure travel lodging paid qualcomm gizmodo guarantee coverage 4111 char
Sierra CEO Bret Taylor on why the AI bubble feels like the dotcom boom,"Welcome to Decoder. This is Alex Heath. For my final episode as your Thursday guest host, I recently sat down with Bret Taylor, the CEO of AI startup Sierra and the chairman of OpenAI, for a live event in San Francisco, California, hosted by Alix Partners.  V…",https://www.theverge.com/decoder-podcast-with-nilay-patel/773904/sierra-ceo-bret-taylor-ai-agents-openai-bubble-interview,Positive,0.7906,sierra ceo bret taylor ai bubble feel like dotcom boom welcome decoder alex heath final episode thursday guest host recently sat bret taylor ceo ai startup sierra chairman openai live event san francisco california hosted alix partner v ul li li li li li li ul sierra ceo bret taylor ai bubble feel like dotcom boom openai chairman working ai agent new startup sierra he 48211 char
The United Arab Emirates Releases a Tiny But Powerful AI Model,"K2 Think compares well with reasoning models from OpenAI and DeepSeek but is smaller and more efficient, say researchers based in Abu Dhabi.",https://www.wired.com/story/uae-releases-a-tiny-but-powerful-reasoning-model/,Positive,0.9758,united arab emirate release tiny powerful ai model k2 think compare well reasoning model openai deepseek smaller efficient say researcher based abu dhabi united arab emirate uae released open source model performs advanced reasoning well best offering united state chinaone strongest sign far 3289 char
Meta AI just created the next evolution of the Photosphere,"Hyperscape is a new technology from Meta that lets you scan and visit real world locations with hyper-realistic detail, all fully viewable in VR.",https://www.androidcentral.com/gaming/virtual-reality/meta-ai-just-created-the-next-evolution-of-the-photosphere,Positive,0.25,meta ai created next evolution photosphere hyperscape new technology meta let scan visit real world location hyper realistic detail fully viewable vr weekly column android central senior content producer nick sutrich delf thing vr new hardware new game upcoming technology much finished touring 5547 char
Meta’s new smart glasses are coming this week,"Meta’s next big Connect conference is nearly here, and this year, we’re expecting to see a lot of news about glasses. AI-focused hardware is all the rage, and Meta arguably already has the best gadgets around in its Ray-Ban and Oakley glasses. At this year’s …",https://www.theverge.com/news/777541/meta-connect-2025-what-to-expect,Positive,0.0772,meta new smart glass coming week meta next big connect conference nearly year expecting see lot news glass ai focused hardware rage meta arguably already best gadget around ray ban oakley glass year ul li li li li li li ul expect metas connect 2025 conference expect metas connect 2025 conference jay petersclose jay peter post author w 5356 char
Google’s AI Ambitions An ‘Existential Crisis’ For News Online,"Critics warn that this shift risks creating “echo chambers” filled with sensationalism and clickbait, at the expense of thorough, investigative journalism.",https://gizmodo.com/google-zero-ai-news-2000654965,Negative,-0.5267,google ai ambition existential crisis news online critic warn shift risk creating echo chamber filled sensationalism clickbait expense thorough investigative journalism amid mounting concern monopoly online search google intensified integration artificial intelligence present world news outlet prompting seismic shift 3633 char
Larry Ellison’s quest to run the world,"For most of his career Larry Ellison has been content to quietly let Oracle be the company, behind the company, behind the technology that makes headlines. Its biggest products being cloud computing and database products that it sells to enterprise customers …",https://www.theverge.com/tech/787051/larry-ellison-tiktok-quest-to-run-the-world,Positive,0.765,larry ellison quest run world career larry ellison content quietly let oracle company behind company behind technology make headline biggest product cloud computing database product sell enterprise customer ul li li li li li li ul tiktok latest prize silicon valley billionaire second act medium mogul tiktok latest prize silicon valley billionair 7628 char
Google Launches Agentic AI to Browse Chrome for You,The omnibox becomes the AI box.,https://gizmodo.com/google-launches-agentic-ai-browse-chrome-2000660320,Negative,-0.8402,google launch agentic ai browse chrome omnibox becomes ai box earlier month google avoided sell chrome browser penalty operating illegal monopoly search business going feature keep u 4641 char
Anthropic Wants to Be the One Good AI Company in Trump’s America,It put limits on law enforcement usage and backed an AI safety bill. Just ignore the whole pirating a bunch of books thing.,https://gizmodo.com/anthropic-wants-to-be-the-one-good-ai-company-in-trumps-america-2000660193,Positive,0.9274,anthropic want one good ai company trump america put limit law enforcement usage backed ai safety bill ignore whole pirating bunch book thing anthropic artificial intelligence company behind chatbot claude trying carve spot good guy ai space fresh major ai firm throw support 4076 char
"Physics, Not AI, Could Power These Self-Regulating Microreactors",The algorithm is grounded in math and physics and allows a nuclear microreactor to automatically control its thermal power.,https://gizmodo.com/physics-not-ai-could-power-these-self-regulating-microreactors-2000663275,Positive,0.5106,physic ai could power self regulating microreactors algorithm grounded math physic allows nuclear microreactor automatically control thermal power world ai dominated algorithm nuclear physicist prefer science old fashioned way newly developed physic based ai free algorithm may breakthrough needed f 3258 char
Faisal Islam: Will the US tech bromance turn around the UK economy?,"In the week the UK hosted Donald Trump for a second state visit, the country also rolled out the red carpet for US tech firms.",https://www.bbc.com/news/articles/cn4w7wp24llo,Neutral,0.0,faisal islam u tech bromance turn around uk economy week uk hosted donald trump second state visit country also rolled red carpet u tech firm faisal islameconomics editor old camden town hall opposite london st pancras station away white tie tail pageantry windsor castle perhaps substantive 7560 char
Amazon Unveils New Echo Speakers with Alexa+ AI and Omnisense Technology,"Amazon today announced the launch of new Echo Dot Max, Echo Studio, Echo Show 8, and Echo Show 11 smart speakers, all of which are designed to work with Amazon's Alexa+ AI assistant.





The new speakers have faster chips with AI acceleration, and a custom s…",https://www.macrumors.com/2025/09/30/amazon-echo-speakers-alexa-plus/,Positive,0.872,amazon unveils new echo speaker alexa ai omnisense technology amazon today announced launch new echo dot max echo studio echo show 8 echo show 11 smart speaker designed work amazon alexa ai assistant new speaker faster chip ai acceleration custom amazon today announced launch new echo dot max echo studio echo show 8 echo show 11 smart speaker designed work amazon alexa ai assistant new speaker 1654 char
Meta’s Smart Glasses Might Make You Smarter. They’ll Certainly Make You More Awkward,Meta CEO Mark Zuckerberg claims anyone not wearing smart glasses will be at a “cognitive disadvantage” in the future. But you'll have to pay a hefty social price for those added smarts.,https://www.wired.com/story/meta-smart-glasses-cognitive-disadvantage/,Positive,0.9451,meta smart glass might make smarter certainly make awkward meta ceo mark zuckerberg claim anyone wearing smart glass cognitive disadvantage future pay hefty social price added smart earnings call summer meta ceo mark zuckerberg made ambitious claim future smart glass saying belief someday people dont wear ai enabled smart spectacle 2438 char
OpenAI Teams Up With Oracle and SoftBank to Build 5 New Stargate Data Centers,The new sites will boost Stargate’s planned capacity to nearly 7 gigawatts—about equal to the output of seven large nuclear reactors.,https://www.wired.com/story/openai-oracle-softbank-data-center-stargate-us/,Positive,0.6705,openai team oracle softbank build 5 new stargate data center new site boost stargate planned capacity nearly 7 gigawatts equal output seven large nuclear reactor openai planning build five new data center united state part stargate initiative company announced tuesday site developed partnership 2994 char
"Aligning those who align AI, one satirical website at a time","The work of creating artificial intelligence that holds to the guardrails of human values, known in the industry as alignment, has developed into its own (somewhat ambiguous) field of study rife with policy papers and benchmarks to rank models against each ot…",https://www.theverge.com/ai-artificial-intelligence/776752/center-for-the-alignment-of-ai-alignment-centers,Positive,0.9371,aligning align ai one satirical website time work creating artificial intelligence hold guardrail human value known industry alignment developed somewhat ambiguous field study rife policy paper benchmark rank model ot ul li li li li li li ul new center us humor point tangled web focused making ai safe ai company new center us humor point 3713 char
Anthropic releases Claude Sonnet 4.5 in latest bid for AI agents and coding supremacy,"Anthropic's latest AI model spent 30 hours running by itself to code a chat app akin to Slack or Teams. It spat out about 11,000 lines of code, according to Anthropic, and it only stopped running when it had completed the task. The model, Claude Sonnet 4.5, w…",https://www.theverge.com/ai-artificial-intelligence/787524/anthropic-releases-claude-sonnet-4-5-in-latest-bid-for-ai-agents-and-coding-supremacy,Positive,0.2732,anthropic release claude sonnet 4 5 latest bid ai agent coding supremacy anthropic latest ai model spent 30 hour running code chat app akin slack team spat 11 000 line code according anthropic stopped running completed task model claude sonnet 4 5 w ul li li li li ul run autonomously 30 hour straight per anthropic run autonomously 30 hour straight per anthropic hayden fieldclose hayden field post f 4299 char
Did a ‘KPop Demon Hunters’ Songwriter Really Use ChatGPT to Write ‘Soda Pop’?,The Saja Boys tune has come under scrutiny because of a seemingly mistranslated report.,https://gizmodo.com/did-a-kpop-demon-hunters-songwriter-really-use-chatgpt-to-write-soda-pop-2000659516,Positive,0.5994,kpop demon hunter songwriter really use chatgpt write soda pop saja boy tune come scrutiny seemingly mistranslated report netflix hit kpop demon hunter stayed conversation large part blockbuster soundtrack one song come scrutiny potentially getting assist 1771 char
"Fueled by AI Hype, Google Becomes Fourth Company to Pass $3 Trillion Market Cap",AI hype is driving trillion-dollar gains for tech giants. Is there a bubble?,https://gizmodo.com/fueled-by-ai-hype-google-becomes-fourth-company-to-pass-3-trillion-market-cap-2000658927,Positive,0.7506,fueled ai hype google becomes fourth company pas 3 trillion market cap ai hype driving trillion dollar gain tech giant bubble monday google parent company alphabet became fourth company reach market value 3 trillion every member exclusive club something common took rat 3959 char
What to expect from Nothing's ambitious AI-native OS set to launch in 2026,"Nothing Phone, now valued at $1.3B after securing $200M in Series C funding, aims to revolutionize smartphone technology with a hyper-personalized AI operating system, promising a unique experience tailored to individual users and their needs.",https://www.androidcentral.com/phones/nothing-phones/what-to-expect-from-nothings-ambitious-ai-native-os-and-its-expansion-into-new-devices,Negative,-0.2316,expect nothing ambitious ai native o set launch 2026 nothing phone valued 1 3b securing 200m series c funding aim revolutionize smartphone technology hyper personalized ai operating system promising unique experience tailored individual user need ul li nothing secures 200m series c funding raising valuation 1 3b li li ceo carl pei announces new hyper personalized ai native operating system future device li li next gen ai 3027 char
What to expect from Meta Connect 2025,"Meta's annual technology conference, aptly titled Meta Connect, takes place on September 17 and 18 this year. Here's everything we expect to see.",https://www.androidcentral.com/gaming/virtual-reality/what-to-expect-from-meta-connect-2025,Neutral,0.0,expect meta connect 2025 meta annual technology conference aptly titled meta connect take place september 17 18 year everything expect see weekly column android central senior content producer nick sutrich delf thing vr new hardware new game upcoming technology much meta connect 2025 happe 5046 char
Four Strategic Signals Technology Leaders Are Tuning In To - SPONSOR CONTENT FROM ARM,Sponsor content from ARM.,https://hbr.org/sponsored/2025/09/four-strategic-signals-technology-leaders-are-tuning-in-to,Positive,0.4939,four strategic signal technology leader tuning sponsor content arm sponsor content arm skip content sponsor content arm gt sponsor content arm gt generative ai automation geopolitical shift reshape business landscape leadership undergo 7273 char
This could be 'the best growing technology company': Here's why,"The artificial intelligence (AI) trade is top of mind for investors as US stocks (^DJI, ^GSPC, ^IXIC) trade at record highs. Niles Investment Management...",https://finance.yahoo.com/video/could-best-growing-technology-company-210000694.html,Positive,0.8979,could best growing technology company artificial intelligence ai trade top mind investor u stock dji gspc ixic trade record high nile investment management want get name often talk program uh impinge playing slightly different space within ai trade think going talk 1765 char
Why parents need to talk to their teens about AI — and how to start the conversation,Many teens are using artificial intelligence chatbots like ChatGPT for everything from homework to relationship advice. Experts say parents must lead the way in helping them understand the technology.,https://www.npr.org/2025/09/13/nx-s1-5506114/why-parents-need-talk-teens-ai-how-to-start-conversation,Positive,0.9081,parent need talk teen ai start conversation many teen using artificial intelligence chatbots like chatgpt everything homework relationship advice expert say parent must lead way helping understand technology nicholas munkbhatter started using chatgpt shortly artificial intelligence chatbot released late 2022 14 time say would use almost everything like 7091 char
"To save its unique and rare birds, New Zealand is turning to AI and genetic research","New Zealand is planning to eradicate millions of invasive animals that prey on the country's rare birds. The goal may not be possible, unless new technology can be developed to do it.",https://www.npr.org/2025/09/18/nx-s1-5508455/ai-technology-birds-new-zealand-conservation-predators-endangered-species,Positive,0.296,save unique rare bird new zealand turning ai genetic research new zealand planning eradicate million invasive animal prey country rare bird goal may possible unless new technology developed new zealand rarest bird seemingly come back dead decade thought extinct tiny population rediscovered holdout survived odds 10939 char
"SoundHound AI (SOUN) Stock Trades Up, Here Is Why",Shares of voice AI technology company SoundHound AI (NASDAQ:SOUN) jumped 2.1% in the afternoon session after it received continued positive commentary from...,https://finance.yahoo.com/news/soundhound-ai-soun-stock-trades-183609103.html,Positive,0.891,soundhound ai soun stock trade share voice ai technology company soundhound ai nasdaq soun jumped 2 1 afternoon session received continued positive commentary share voice ai technology company soundhound ai nasdaq soun jumped 2 1 afternoon session received continued positive commentary wall street analyst move follows sev 2458 char
Why Is SoundHound AI (SOUN) Stock Soaring Today,Shares of voice AI technology company SoundHound AI (NASDAQ:SOUN) jumped 7% in the afternoon session after it experienced continued positive sentiment...,https://finance.yahoo.com/news/why-soundhound-ai-soun-stock-182613993.html,Positive,0.891,soundhound ai soun stock soaring today share voice ai technology company soundhound ai nasdaq soun jumped 7 afternoon session experienced continued positive sentiment share voice ai technology company soundhound ai nasdaq soun jumped 7 afternoon session experienced continued positive sentiment following company record second quarter fi 2384 char
Charlie Kaufman Holds Hollywood Responsible for Today’s ‘Terrible’ World,The writer of 'Eternal Sunshine of the Spotless Mind' and 'Being John Malkovich' thinks we need to learn to be human again.,https://gizmodo.com/charlie-kaufman-holds-hollywood-responsible-for-todays-terrible-world-2000658116,Neutral,0.0,charlie kaufman hold hollywood responsible today terrible world writer eternal sunshine spotless mind john malkovich think need learn human filmmaker charlie kaufman got lot say state worldand think hollywood least partially blame new interview guardian mind behind 2004 2233 char
OpenAI Rolls Out ChatGPT’s Ability to Buy Stuff for You,OpenAI’s new Instant Checkout lets users buy products from Etsy and soon millions of Shopify merchants.,https://gizmodo.com/openai-rolls-out-chatgpts-ability-to-buy-stuff-for-you-2000665177,Positive,0.3182,openai roll chatgpt ability buy stuff openai new instant checkout let user buy product etsy soon million shopify merchant openai made possible buy thing directly chatgpt starting today chatgpt user u use new feature called instant checkout purchase item etsy seller 2574 char
My other car is a cargo bike,"The vehicle of the future is electric. It's good for the environment. It has enough room for your stuff, as long as you're coming from the grocery and not the furniture store. It's fast, it has super-responsive steering, and you can park it basically anywhere…",https://www.theverge.com/podcast/788307/electric-cargo-bikes-google-antitrust-vergecast,Positive,0.8519,car cargo bike vehicle future electric good environment enough room stuff long coming grocery furniture store fast super responsive steering park basically anywhere ul li li li li li li ul vergecast bike bus google trial ai video summary vergecast bike bus google trial ai video summary david pierceclose 3067 char
Huawei Unveils New AI Tech to Take on Nvidia,"Huawei Technologies Co. unveiled new technology, including SuperPod cluster designs and AI accelerators, to challenge Nvidia which dominates the market...",https://finance.yahoo.com/video/huawei-unveils-ai-tech-nvidia-144754921.html,Positive,0.25,huawei unveils new ai tech take nvidia huawei technology co unveiled new technology including superpod cluster design ai accelerator challenge nvidia dominates market huawei technology co unveiled new technology including superpod cluster design ai accelerator challenge nvidia dominates market bloomberg annabelle droulers report
"Gear News of the Week: Adobe Premiere Lands on iPhone, and Nothing Lets You Design Your Own Widgets","Plus: Whoop lets you order blood tests, Arlo refreshes its security camera lineup, and Roland unveils a new analog drum machine.",https://www.wired.com/story/gear-news-of-the-week-adobe-premiere-lands-on-iphone-and-nothing-lets-you-design-your-own-widgets/,Positive,0.6705,gear news week adobe premiere land iphone nothing let design widget plus whoop let order blood test arlo refreshes security camera lineup roland unveils new analog drum machine adobe busy year designing redesigning number popular apps mobile premiere iphone latesta mobile first video editing workflow adapts 4821 char
Zuckerberg Gets a Personal Political Piggy Bank With Meta Super Pac,Meta is turbo charging its political influence machine.,https://gizmodo.com/zuckerberg-gets-a-personal-political-piggy-bank-with-meta-super-pac-2000659581,Positive,0.5994,zuckerberg get personal political piggy bank meta super pac meta turbo charging political influence machine mark zuckerberg man digital people demigod metaverse founder almighty meta looking get little bit politically involved next election cycle 3336 char
Cloudflare CEO’s ‘Frighteningly Likely’ Forecast for How AI Will Ruin the Internet,"Cloudflare CEO Matthew Prince calls it the ""Black Mirror possibility.""",https://gizmodo.com/cloudflare-ceos-frighteningly-likely-forecast-for-how-ai-will-ruin-the-internet-2000659436,Negative,-0.8519,cloudflare ceo frighteningly likely forecast ai ruin internet cloudflare ceo matthew prince call black mirror possibility cloudflare ceo matthew prince latest tech executive ring warning bell near term dystopian ai scenario speaking wired big interview podcast tuesday prince said 5857 char
"Thanks to AI, Charlie Kirk Will Never Die for Some People",The dead don't get to rest anymore.,https://gizmodo.com/ai-charlie-kirk-2000660973,Positive,0.8025,thanks ai charlie kirk never die people dead get rest anymore really rest wicked weekend according religious news service least three church played congregation posthumous message charlie kirk 4190 char
Verizon's 6G initiative said to level up wireless communication for the world,"From faster speeds, to being able to ""sense"" the environment, and integrating AI.",https://www.androidcentral.com/phones/verizon-wireless/verizons-6g-initiative-said-level-up-wireless-communication-for-the-world,Positive,0.1027,verizon 6g initiative said level wireless communication world faster speed able sense environment integrating ai need know ul li verizon begin development 6g technology partnership major tech company like samsung nokia li li next gen 6g focus speed low latency 3348 char
Citi poaches IBM exec to accelerate its AI ambitions: See the memo,"The bank has been announcing a series of leaders to help steer its rapidly expanding AI strategy. Shobhit Varshney, from IBM, is the latest.",https://www.businessinsider.com/citi-names-ibm-exec-shobhit-varshney-spearhead-ai-strategy-2025-9,Positive,0.6369,citi poaches ibm exec accelerate ai ambition see memo bank announcing series leader help steer rapidly expanding ai strategy shobhit varshney ibm latest shobhit varshney citi new head ai firm said memo week courtesy citi ul li citi appointed longtime ibm executive shobhit varshney lead bank ai strategy li 6080 char
I'm a billionaire CEO who's acquired 9 companies in 8 months. Here's what I look for in an investment.,"Phil Shaw, the billionaire founder of TransPerfect, a language and AI solutions company, has acquired nine companies since January.",https://www.businessinsider.com/billionaire-ceo-phil-shaw-investment-tips-2025-9,Positive,0.3182,billionaire ceo acquired 9 company 8 month look investment phil shaw billionaire founder transperfect language ai solution company acquired nine company since january phil shawe billionaire cofounder transperfect told business insider look investment two elk studio ul li phil shawe cofounder transperfect language 4541 char
Business Insider Reportedly Tells Journalists They Can Use AI To Draft Stories,"An anonymous reader shares a report: Business Insider has told journalists they can use AI to create first drafts of stories and suggested it won't notify readers that AI was used, according to Status, a newsletter covering the media industry. The policy make…",https://slashdot.org/story/25/09/17/1527231/business-insider-reportedly-tells-journalists-they-can-use-ai-to-draft-stories,Positive,0.6597,business insider reportedly tell journalist use ai draft story anonymous reader share report business insider told journalist use ai create first draft story suggested notify reader ai used according status newsletter covering medium industry policy make business insider told journalist use ai create first draft story suggested notify reader ai used according status newsletter covering medium 347 char
Elon Musk's xAI accuses OpenAI of stealing trade secrets and targeting its employees in a new lawsuit,"The legal battle between Elon Musk's xAI and Sam Altman's OpenAI just widened , with Musk accusing the ChatGPT maker of stealing technology.",https://www.businessinsider.com/xai-accuses-openai-of-stealing-trade-secrets-in-new-lawsuit-2025-9,Negative,-0.959,elon musk xai accuses openai stealing trade secret targeting employee new lawsuit legal battle elon musk xai sam altman openai widened musk accusing chatgpt maker stealing technology elon musk sam altmangetty image ul li elon musk xai sued openai alleging company poached staff intent stealing tech li li lawsuit claim openai recruited ex xai empl 2441 char
There Isn't an AI Bubble - There Are Three,"Fast Company ran a contrarian take about AI from entrepreneur/thought leader Faisal Hoque, who argues there's three AI bubbles. 

The first is a classic speculative bubble, with asset prices soaring above their fundamental values (like the 17th century's Dutc…",https://slashdot.org/story/25/09/20/1847246/there-isnt-an-ai-bubble---there-are-three,Positive,0.6705,ai bubble three fast company ran contrarian take ai entrepreneur thought leader faisal hoque argues three ai bubble first classic speculative bubble asset price soaring fundamental value like 17th century dutc fast companyran contrarian take ai entrepreneur thought leader faisal hoque argues three ai bubble first classic speculative bubble asset price soaring abov 2580 char
AI expert says it’s ‘not a question’ that AI will take over all jobs—but people will have 80 hours a week of free time,"Dr. Roman Yampolskiy, a professor of computer science and leading voice in AI safety, says the technology will take over 99% of jobs in the next five years.",https://www.yahoo.com/news/articles/ai-expert-says-not-ai-145521588.html,Positive,0.5574,ai expert say question ai take job people 80 hour week free time dr roman yampolskiy professor computer science leading voice ai safety say technology take 99 job next five year ul li many ceo pausing hiring wait see job ai could replace one ai expert warns nearly role risk professor computer science dr roman yampolski 4774 char
"UK Has Good Tech Talent Pool, Paid's Manny Medina Says",The rise of AI agents has brought with it the question of how much developers of the technology should be charging their customers. The traditional software ...,https://finance.yahoo.com/video/uk-good-tech-talent-pool-075331236.html,Positive,0.6908,uk good tech talent pool paid manny medina say rise ai agent brought question much developer technology charging customer traditional software rise ai agent brought question much developer technology charging customer traditional software pricing model charging per user look 285 char
Everything Amazon Announced Today at Its Fall Hardware Event (2025),"Amazon's next-gen Alexa+ chatbot is now available in four new Echo devices and a bevy of Ring cameras. The company also debuted three new Kindle Scribe tablets, one with a color screen.",https://www.wired.com/story/everything-amazon-announced-today-at-its-fall-hardware-event/,Positive,0.5859,everything amazon announced today fall hardware event 2025 amazon next gen alexa chatbot available four new echo device bevy ring camera company also debuted three new kindle scribe tablet one color screen big year amazonsalexa voice assistant got large language model power earlier year form alexa paid upgrade non amazon prime subscriber amazon 2045 char
Read the pitch deck these ex-DeepMind scientists used to raise $5 million for an AI 'algorithm factory',"Former DeepMind scientists raise $5 million for Hiverge, a startup developing AI to improve code.",https://www.businessinsider.com/hiverge-seed-funding-optimize-algorithms-ai-pitch-deck-google-deepmind-2025-9,Positive,0.4404,read pitch deck ex deepmind scientist used raise 5 million ai algorithm factory former deepmind scientist raise 5 million hiverge startup developing ai improve code hiverge hamza fawzi cso alhussein fawzi ceo bernardino romera paredes cto hiverge ul li hiverge startup founded former google deepmind scientist raised 5 million li li th 2899 char
AI-Powered Stan Lee Hologram Debuts at LA Comic Con,"An anonymous reader shared this report from Ars Technica:

Late last week, The Hollywood Reporter ran a story about an ""AI Stan Lee hologram"" that would be appearing at the LA Comic Con this weekend. [Watch it in action here.] Nearly seven years after the fam…",https://entertainment.slashdot.org/story/25/09/29/041251/ai-powered-stan-lee-hologram-debuts-at-la-comic-con,Positive,0.34,ai powered stan lee hologram debut la comic con anonymous reader shared report ar technica late last week hollywood reporter ran story ai stan lee hologram would appearing la comic con weekend watch action nearly seven year fam late last week hollywood reporter ran story ai stan lee hologram would appearing la comic con weekend watch action nearly seven year fa 2440 char
Gavin Newsom Signs First-In-Nation AI Safety Law,An anonymous reader quotes a report from Politico: California Gov. Gavin Newsom signed a first-in-the-nation law on Monday that will force major AI companies to reveal their safety protocols -- marking the end of a lobbying battle with big tech companies like…,https://slashdot.org/story/25/09/29/2054225/gavin-newsom-signs-first-in-nation-ai-safety-law,Positive,0.6249,gavin newsom sign first nation ai safety law anonymous reader quote report politico california gov gavin newsom signed first nation law monday force major ai company reveal safety protocol marking end lobbying battle big tech company like california gov gavin newsom signed first nation law monday force major ai company reveal safety protocol marking end lobbying battle big tech compa 604 char
TikTok is tagging videos from Gaza with TikTok Shop products,"In a video from a Turkish broadcaster, a Palestinian woman walks among the rubble, wailing. ""Where are my three daughters, my husband, and my cousin?"" She went out to get flour, she says, and came back to find her home collapsed, her family apparently trapped…",https://www.theverge.com/tech/782540/tiktok-shop-scanning-gaza-videos-e-commerce-dupes,Negative,-0.8555,tiktok tagging video gaza tiktok shop product video turkish broadcaster palestinian woman walk among rubble wailing three daughter husband cousin went get flour say came back find home collapsed family apparently trapped ul li li li li li li ul new ai powered feature scan video product match image tiktok shop listing even using footage war gaza new ai powered featur 5288 char
Nobody Wanted This: Samsung Fridges Are Getting Ads,Samsung's ultra-expensive refrigerators need you to see an ad before you duck in for a midnight snack.,https://gizmodo.com/nobody-wanted-this-samsung-fridges-are-getting-ads-2000660869,Positive,0.1779,nobody wanted samsung fridge getting ad samsung ultra expensive refrigerator need see ad duck midnight snack home templethe last place escape blasted outside landscape billboard screen ad bus ad train ad tv adsknow mongol horde advertising look 3620 char
"Nvidia spent over $900 million to hire Enfabrica CEO, license technology, CNBC reports","The deal closed last week and Sankar has already joined Nvidia.  Enfabrica, a Silicon Valley-based chip startup, is tackling one of the biggest technical...",https://finance.yahoo.com/news/nvidia-spent-over-900-million-223552272.html,Positive,0.4767,nvidia spent 900 million hire enfabrica ceo license technology cnbc report deal closed last week sankar already joined nvidia enfabrica silicon valley based chip startup tackling one biggest technical reuters nvidia spent 900 million hire enfabrica ceo rochan sankar staff artificial intelligence hardware startup license company technology cnbc report 1486 char
Inside the Netherlands' greenhouse empire. Photos show how it became the world's second-largest agricultural exporter.,"Photos show secrets behind the Netherlands' success as the world's second-largest agricultural exporter, focusing on pioneering greenhouse technology.",https://www.businessinsider.com/photos-show-how-tiny-country-became-second-largest-agricultural-exporter-2025-9,Positive,0.7579,inside netherlands greenhouse empire photo show became world second largest agricultural exporter photo show secret behind netherlands success world second largest agricultural exporter focusing pioneering greenhouse technology greenhouse netherlands grows tomato adityaman singh business insider ul li netherlands efficient greenhouse world li li dutch company looye kw 7493 char
"Fox News AI Newsletter: Trump, Musk aim for dominance",Stay up to date on the latest AI technology advancements and learn about the challenges and opportunities AI presents now and for the future.,https://www.foxnews.com/tech/ai-newsletter-trump-musk-aim-dominance,Positive,0.93,fox news ai newsletter trump musk aim dominance stay date latest ai technology advancement learn challenge opportunity ai present future welcome fox news artificial intelligence newsletter latest ai technology advancement today newsletter trump admin reunites elon musk pursuit ai dominance benefit 2429 char
Mark Cuban shares a simple advantage he thinks will keep humans ahead of AI: humility,"AI may be powerful, but Mark Cuban says one basic human ability ensures we'll stay a step ahead.",https://www.businessinsider.com/mark-cuban-reveals-the-advantage-humans-still-hold-over-ai-2025-9,Positive,0.34,mark cuban share simple advantage think keep human ahead ai humility ai may powerful mark cuban say one basic human ability ensures stay step ahead mark cuban say ai inability admit uncertainty show people still matter machine age ap photo david zalubowski ul li mark cuban said ai fatal flaw admit 2143 char
‘Godfather of AI’ says the technology will create massive unemployment and send profits soaring — ‘that is the capitalist system’,"""We are at a point in history where something amazing is happening, and it may be amazingly good, and it may be amazingly bad.""",https://www.yahoo.com/news/articles/godfather-ai-says-technology-create-192740371.html,Positive,0.8519,godfather ai say technology create massive unemployment send profit soaring capitalist system point history something amazing happening may amazingly good may amazingly bad ul li computer scientist nobel laureate geoffrey hinton predicted artificial intelligence spark surge unemployment profit company replace worker ai 4364 char
Peter Thiel’s Antichrist Lectures Met With Protestors Who Seem to Think He’s the Antichrist,The Palantir mogul began his devil-themed seminar series this week.,https://gizmodo.com/peter-thiels-antichrist-lectures-met-with-protestors-who-seem-to-think-hes-the-antichrist-2000659449,Negative,-0.6597,peter thiel antichrist lecture met protestors seem think antichrist palantir mogul began devil themed seminar series week paypal mafia og peter thiel whose data firm palantir currently assisting trump administration deportation machine recently began taking time day job ghoulish billionaire defens 4946 char
NPR's Student Podcast Challenge: Here are our fourth grade winners!,"We heard fun and engaging podcasts on topics including how math teaching has evolved, what its like to disengage from technology, and, who has it better: kids or grownups?",https://www.npr.org/2025/10/04/nx-s1-5522266/npr-student-podcast-fourth-grade-winners,Positive,0.9595,npr student podcast challenge fourth grade winner heard fun engaging podcasts topic including math teaching evolved like disengage technology better kid grownup year fourth grade teacher around county turned classroom recording studio student submitted outstanding story interview commentary npr 4041 char
Mark Zuckerberg's Meta AI glasses demo went wrong live onstage — twice,Meta's big day for AI glasses hit a few hiccups with the second generation of Meta Ray-Bans and Meta Ray-Bans Display.,https://www.businessinsider.com/zuckerbergs-meta-ai-glasses-demo-goes-wrong-live-stage-twice-2025-9,Negative,-0.8834,mark zuckerberg meta ai glass demo went wrong live onstage twice meta big day ai glass hit hiccup second generation meta ray ban meta ray ban display meta ai glass demo glitched twice 2025 meta connect event carlos barria reuters ul li meta ai glass demo glitched twice 2025 meta connect event li li ceo mark zuckerberg 3251 char
McKinsey is doubling down on entry-level hires — even in the AI era,"McKinsey & Company plans to boost hiring by 12% in 2026. The firm also plans to hire more entry-level workers, said North America chair Eric Kutcher.",https://www.businessinsider.com/mckinsey-growing-entry-level-hires-ai-era-partner-says-2025-9,Negative,-0.4019,mckinsey doubling entry level hire even ai era mckinsey company plan boost hiring 12 2026 firm also plan hire entry level worker said north america chair eric kutcher mckinsey amp company say ai killing entry level job fact firm planning hire junior worker company employ 5 000 7 000 worker partner north 2462 char
Netflix Hiring A Director Of Generative AI For Gaming With A Starting Salary Of Up To $840K,"The person will be responsible for applying 'Gen AI across our portfolio and studios'
The post Netflix Hiring A Director Of Generative AI For Gaming With A Starting Salary Of Up To $840K appeared first on Kotaku.",https://kotaku.com/netflix-generative-ai-gaming-animal-crossing-studio-ghibli-2000631485,Positive,0.7783,netflix hiring director generative ai gaming starting salary 840k person responsible applying gen ai across portfolio studio post netflix hiring director generative ai gaming starting salary 840k appeared first kotaku netflix gaming strategy yet take clear shape generative ai could end big part least company seems hope based recent job posting 2192 char
"Sam Altman wants to build 1 gigawatt of 'AI infrastructure' a week — enough to power 876,000 households a year","Sam Altman shared his goal of building 1 GW of AI infrastructure per week, addressing what experts say could be a major bottleneck for scaling AI.",https://www.businessinsider.com/sam-altman-ai-infrastructure-1-gw-per-week-stargate-2025-9,Positive,0.6041,sam altman want build 1 gigawatt ai infrastructure week enough power 876 000 household year sam altman shared goal building 1 gw ai infrastructure per week addressing expert say could major bottleneck scaling ai sam altman say decade college graduate could almost unthinkable thing like exploring solar systemandrew harnik getty image ul li openai ceo sam altman published blog tuesd 2526 char
OpenAI Reveals How (and Which) People Are Using ChatGPT,ChatGPT is getting more personal than professional use.,https://gizmodo.com/openai-how-people-use-chatgpt-2000658906,Neutral,0.0,openai reveals people using chatgpt chatgpt getting personal professional use large language model largely remain black box term happening inside produce output also bit black box term using 3517 char
Amazon’s 2025 hardware event: the 8 biggest announcements,"Amazon just finished up its fall event, where it shared big updates across its entire hardware lineup. In addition to revealing new Echo hardware and Kindle Scribe upgrades, Amazon also took the wraps off refreshed Fire TV devices and a whole bunch more. Here…",https://www.theverge.com/news/788297/amazon-fall-2025-hardware-announcements-echo-alexa-kindle-ring,Positive,0.7717,amazon 2025 hardware event 8 biggest announcement amazon finished fall event shared big update across entire hardware lineup addition revealing new echo hardware kindle scribe upgrade amazon also took wrap refreshed fire tv device whole bunch ul li li li li li li ul upgraded kindle scribe slew new echo device amazon lot share upgraded kindle scribe slew new echo device amazon 6108 char
"Zoom’s CEO agrees with Bill Gates, Jensen Huang, and Jamie Dimon: A 3-day workweek is coming soon thanks to AI",Zoom leader Eric Yuan admits that the technology will erase some human jobs—but those who keep their jobs will enjoy fewer working days.,https://finance.yahoo.com/news/zoom-ceo-agrees-bill-gates-145801987.html,Positive,0.891,zoom ceo agrees bill gate jensen huang jamie dimon 3 day workweek coming soon thanks ai zoom leader eric yuan admits technology erase human job keep job enjoy fewer working day ul li zoom ceo eric yuan predicted ai chatbots agent bring three four day workweek echoing like bill gate jensen huang jamie dimon people 4819 char
YouTube is giving creators more tools to tackle AI deepfakes,"The new tool works like Content ID, letting creators upload an image of their face so AI can spot misuse in videos.",https://www.androidcentral.com/apps-software/youtube/youtube-rolling-out-likeness-detection-for-creators,Positive,0.5423,youtube giving creator tool tackle ai deepfakes new tool work like content id letting creator upload image face ai spot misuse video need know ul li youtube launch likeness detection tool stop unauthorized use creator face li li tool first tested top creator available 2287 char
GoPro Is Fighting Insta360’s X5 With Its Own ‘True 8K’ Max2 360-Degree Camera,"GoPro is also announcing an affordable Lit Hero (yes, it's really called that) action camera and a mobile gimbal.",https://gizmodo.com/gopro-is-fighting-insta360s-x5-with-its-own-true-8k-max2-360-degree-camera-2000662591,Positive,0.891,gopro fighting insta360 x5 true 8k max2 360 degree camera gopro also announcing affordable lit hero yes really called action camera mobile gimbal gopro breaking tradition year releasing direct follow hero 13 black instead single flagship action camera gopro releasing three product offer consumer 4291 char
This is your doctor on ChatGPT,Over a dozen healthcare professionals told Business Insider how they use AI — including one way it could help cure their burnout.,https://www.businessinsider.com/how-doctors-use-ai-chatgpt-including-to-help-avoid-burnout-2025-10,Positive,0.6124,doctor chatgpt dozen healthcare professional told business insider use ai including one way could help cure burnout st luke internal medicine physician carl dirk said ambient listening solution clinician burnout chase castor bi adam rodman us chatgpt stumped internal medic 10465 char
Figma's CEO said his software won't replace the work of a world-class designer,"Dylan Field said Figma's AI tools ""raise the ceiling"" for designers to do more, and remove the ""drudgery"" of the design process.",https://www.businessinsider.com/figma-ceo-dylan-field-software-wont-replace-designers-2025-10,Neutral,0.0,figma ceo said software replace work world class designer dylan field said figma ai tool raise ceiling designer remove drudgery design process figma ceo said design company job world class designer dylan field figma 33 year old billionaire chief executive appeared wednesday rapid response podcast talke 1716 char
Companies have a lot of options for AI models to use. Ancestry says it's 'agnostic' and uses many of them.,Choosing the right large language model for a project can be tricky. That's why Ancestry takes a more-the-merrier approach with its troves of data.,https://www.businessinsider.com/ancestry-ai-models-cto-sriram-thiagarajan-2025-9,Positive,0.2732,company lot option ai model use ancestry say agnostic us many choosing right large language model project tricky ancestry take merrier approach trove data ancestry cto sriram thiagarajan said company us multiple llm aaronp bauer griffin gc image ul li ancestry relies multiple large language model run operation li li comp 3483 char
I spent 2 days at Axel Springer's AI summit. My takeaway was that Germany wants to fight like hell to stay in the AI arms race.,Axel Springer hosted business leaders like Sam Altman and politicians to debate the present and future of artificial intelligence this past week.,https://www.businessinsider.com/germany-compete-ai-arms-race-at-axel-springer-summit-2025-9,Positive,0.0516,spent 2 day axel springer ai summit takeaway germany want fight like hell stay ai arm race axel springer hosted business leader like sam altman politician debate present future artificial intelligence past week sam altman mathias döpfner dominik tryba welt ul li flew 2 950 mile berlin welt ai summit two day discussion future ai li li openai sam altman palantir 4746 char
"Nuclear fusion, the ‘holy grail’ of power, was always 30 years away—now it’s a matter of when, not if, fusion comes online to power AI","Fusion has the potential to solve the world's energy demand and climate goals, but questions remain about crossing the technology finish line and scaling up ...",https://finance.yahoo.com/news/nuclear-fusion-holy-grail-power-170000773.html,Positive,0.5574,nuclear fusion holy grail power always 30 year away matter fusion come online power ai fusion potential solve world energy demand climate goal question remain crossing technology finish line scaling microsoft founder bill gate say coolest thing he working fusion energy next generation nuclear fission project know build fusion power plant unlimited 12729 char
"Micron, The RealReal, Beyond Meat: Top Analyst Calls","Yahoo Finance senior reporter Allie Canal tracks several of the day's top analyst calls on trending stocks, including Micron Technology (MU), The RealReal...",https://finance.yahoo.com/video/micron-realreal-beyond-meat-top-144037089.html,Positive,0.6249,micron realreal beyond meat top analyst call yahoo finance senior reporter allie canal track several day top analyst call trending stock including micron technology mu realreal let turn today top analyst call wall street kicking thing micron deutsche bank raised price target share 175 prior 155 saying demand h 1361 char
"Teachers say AI has been a game changer for them, and they want their students to benefit — while still thinking for themselves","Christina Parks, an English teacher at Upton High School, called AI a ""gift"" for teachers. It's a different story for her students.",https://www.businessinsider.com/teachers-using-ai-in-classrooms-chatgpt-education-benefits-risks-2025-9,Positive,0.9325,teacher say ai game changer want student benefit still thinking christina park english teacher upton high school called ai gift teacher different story student high school teacher said want artificial intelligence tool student shane epping bi ul li high school teacher said ai helped save time creating lesson pl 4800 char
Nearly 90% of BCG employees are using AI — and it's reshaping how they're evaluated,"""There's no box on our forms that says 'Are you using AI?' but it is an expectation,"" Alicia Pittman, BCG's global people team chair told BI.",https://www.businessinsider.com/bcg-head-of-people-ai-core-competencies-performance-evaluations-2025-9,Negative,-0.3182,nearly 90 bcg employee using ai reshaping evaluated box form say using ai expectation alicia pittman bcg global people team chair told bi alicia pittman global people team chair boston consulting group say ai use becoming critical criterion performance boston consulting group ul li boston consulting group integ 4160 char
Tech founders and execs roast Meta's new push for AI-generated reels,"Tech founders took to X to dunk on Meta's new Vibes feature, calling it ""AI slop"" and a new way to get vulnerable users hooked on mindless content.",https://www.businessinsider.com/meta-vibes-tech-founders-executives-reactions-ai-generated-content-2025-9,Negative,-0.8481,tech founder exec roast meta new push ai generated reel tech founder took x dunk meta new vibe feature calling ai slop new way get vulnerable user hooked mindless content meta ai vibe criticized tech founder new way get user hooked mindless content cfoto future publishing via getty image ul li meta thursday unveiled vibe fea 3336 char
"Honor enters its 'Dual-Engine' AI era, teasing the Magic 8 Pro at Snapdragon Summit 2025","The company's strong focus on better, smarter, helpful on-device AI takes another generous stride forward.",https://www.androidcentral.com/phones/honor-phones/honor-enters-its-dual-engine-ai-era-teasing-magic-8-pro-snapdragon-summit-2025,Positive,0.9657,honor enters dual engine ai era teasing magic 8 pro snapdragon summit 2025 company strong focus better smarter helpful device ai take another generous stride forward need know ul li snapdragon summit 2025 honor highlighted new dual engine era approach device ai magic 8 pro magic pad 3 pro li li keynote highlig 3623 char
Microsoft is close to getting a giant new equity stake in OpenAI. It could be worth at least $150 billion.,Microsoft's unusual $1 billion bet on OpenAI back in 2019 has turned into one of the smartest investments in the history of technology.,https://www.businessinsider.com/microsoft-openai-equity-stake-early-bet-openai-2025-9,Positive,0.7096,microsoft close getting giant new equity stake openai could worth least 150 billion microsoft unusual 1 billion bet openai back 2019 turned one smartest investment history technology microsoft openai ceo satya nadella sam altman openai first developer conference justin sullivan getty image ul li microsoft put 1 billion openai 2019 startup 3892 char
Europe's answer to OpenAI just got a $1.5 billion boost from chip giant ASML,"Mistral's latest funding round, led by ASML, cements its status as Europe's most valuable AI startup.",https://www.businessinsider.com/mistral-funding-asml-chips-ai-europe-2025-9,Positive,0.8176,europe answer openai got 1 5 billion boost chip giant asml mistral latest funding round led asml cement status europe valuable ai startup arthur mensch jensen huang augustin pasquini han lucas afp via getty image ul li french ai startup mistral secured 1 5 billion investment dutch chip company asml li li double 2242 char
Big Tech Dreams of Putting Data Centers in Space,"A sci-fi idea is gaining supporters, from billionaires to city councils. Whether it’s feasible is another matter.",https://www.wired.com/story/data-centers-gobble-earths-resources-what-if-we-took-them-to-space-instead/,Positive,0.5267,big tech dream putting data center space sci fi idea gaining supporter billionaire city council whether feasible another matter story originally appeared grist part climate desk collaboration company frantically building leasing data center well aware theyre straining grid driving 3244 char
"WIRED Health Recap: Cancer Vaccines, CRISPR Breakthroughs, and More","This year’s WIRED Health summit in Boston featured Moderna CEO Stéphane Bancel, CNN chief medical correspondent Sanjay Gupta, and a day’s worth of insights and provocative conversations.",https://www.wired.com/story/wired-health-recap-cancer-vaccines-crispr-breakthroughs-and-more/,Negative,-0.5423,wired health recap cancer vaccine crispr breakthrough year wired health summit boston featured moderna ceo stéphane bancel cnn chief medical correspondent sanjay gupta day worth insight provocative conversation wired health summit boston september 9 hosted leading expert crispr whole genome sequencing vaccine series eye opening conversation keynote 3841 char
Google's ChromeOS Will Combine With Android Next Year to Supercharge Big-Screen AI,"The success of Gemini and AI on Android has inspired the major update to ChromeOS, said Sameer Samat at the Snapdragon Summit in Hawaii",https://www.cnet.com/tech/services-and-software/googles-chromeos-will-combine-with-android-next-year-to-supercharge-big-screen-ai/,Positive,0.9403,google chromeos combine android next year supercharge big screen ai success gemini ai android inspired major update chromeos said sameer samat snapdragon summit hawaii bringing ai smartphones tablet massive success google earlier month saw ai assistant gemini become top free app apple app store first time 2287 char
