title,description,url,publishedAt,sentiment,score,processed_text
New California law requires AI to tell you it’s AI,"A bill attempting to regulate the ever-growing industry of companion AI chatbots is now law in California, as of October 13th. California Gov. Gavin Newsom signed into law Senate Bill 243, billed as “first-in-the-nation AI chatbot safeguards” by state senator…",https://www.theverge.com/news/798875/california-just-passed-a-new-law-requiring-ai-to-tell-you-its-ai,2025-10-13T17:13:58Z,Positive,0.8176,new california law requires ai tell ai bill attempting regulate ever growing industry companion ai chatbots law california october 13th california gov gavin newsom signed law senate bill 243 billed first nation ai chatbot safeguard state senator ul li li li li li li ul sb 243 institute new safeguard ai chatbots sb 243 institute new safeguard ai chatbots hayden fieldclose hayden field post author w 3201 char
OpenAI allegedly sent police to an AI regulation advocate’s door,"Will OpenAI send police to your door if you advocate for AI regulation?  Nathan Calvin, a lawyer who shapes policies surrounding the technology at Encode AI, claims OpenAI did just that. “One Tuesday night, as my wife and I sat down for dinner, a sheriff’s de…",https://www.theverge.com/news/798523/openai-ai-regulation-advocates-subpoenas-police,2025-10-10T21:31:05Z,Neutral,0.0,openai allegedly sent police ai regulation advocate door openai send police door advocate ai regulation nathan calvin lawyer shape policy surrounding technology encode ai claim openai one tuesday night wife sat dinner sheriff de ul li li li li li li ul ai giant reportedly asked advocate turn trove personal message ai giant reportedly asked advocate turn trove person 3632 char
How generative AI boosters are trying to break into Hollywood,"This is The Stepback, a weekly newsletter breaking down one essential story from the tech world. For more on the intersection of entertainment and technology, follow Charles Pulliam-Moore. The Stepback arrives in our subscribers' inboxes at 8AM ET. Opt in for…",https://www.theverge.com/column/785975/hollywood-ai-stepback,2025-09-26T17:13:36Z,Positive,0.2477,generative ai booster trying break hollywood stepback weekly newsletter breaking one essential story tech world intersection entertainment technology follow charles pulliam moore stepback arrives subscriber inboxes 8am et opt ul li li li li li li ul ai startup want brute force way movie business even though tech isnt ready closeup charles pulliam mooreclose charles pull 10452 char
Silicon Valley’s latest argument against regulating AI: that would literally be the antichrist,"In a four-part series of religious lectures in San Francisco, Peter Thiel - yes, that Peter Thiel - has argued that the End Times are night and that a biblical Antichrist - yes, that Antichrist - will come to earth in the form of onerous government regulation…",https://www.theverge.com/ai-artificial-intelligence/785407/peter-thiel-antichrist-tech-regulation,2025-09-25T20:49:43Z,Positive,0.1027,silicon valley latest argument regulating ai would literally antichrist four part series religious lecture san francisco peter thiel yes peter thiel argued end time night biblical antichrist yes antichrist come earth form onerous government regulation ul li li li li li li ul real thing peter thiel told group tech professional recently real thing peter thiel told group tech professional recently 5159 char
‘Sovereign AI’ Has Become a New Front in the US-China Tech War,"OpenAI has announced “AI sovereignty"" partnerships with governments around the world, but can proprietary models compete with Beijing’s open source offerings?",https://www.wired.com/story/openai-sovereign-ai-us-china-tech-war/,2025-10-14T16:00:00Z,Negative,-0.2263,sovereign ai become new front u china tech war openai announced ai sovereignty partnership government around world proprietary model compete beijing open source offering openai announced number project year foreign government help build called sovereign ai system company say deal coord 3539 char
Microsoft is giving Copilot AI faces you can chat with,"Microsoft is trying to make Copilot more approachable by giving the AI assistant an animated face to talk with. The experimental “Portraits” feature in Copilot Labs is currently available in the US, UK, and Canada, and provides 40 stylized human avatars that …",https://www.theverge.com/news/788741/microsoft-copilot-labs-ai-portraits-experiment-human-avatar,2025-09-30T17:12:48Z,Positive,0.5859,microsoft giving copilot ai face chat microsoft trying make copilot approachable giving ai assistant animated face talk experimental portrait feature copilot lab currently available u uk canada provides 40 stylized human avatar ul li li li li li li ul copilot portrait provides 40 stylized human avatar make expression voice conversation copilot portrait provides 40 stylized human avatar 3317 char
Trump Shares Bizarre AI Video Promising Magic ‘Medbeds’ for Everyone,"In a since-deleted Truth Social post, an AI version of Trump promised every American would soon have access to their very own medbed.",https://gizmodo.com/trump-shares-bizarre-ai-video-promising-magic-medbeds-for-everyone-2000664965,2025-09-29T16:10:59Z,Positive,0.8779,trump share bizarre ai video promising magic medbeds everyone since deleted truth social post ai version trump promised every american would soon access medbed president donald trump seems gone qanon deep end post truth social account published weekend trump shared ai generated video announcing arriva 2974 char
Yelp’s AI can now take reservations over the phone,"Yelp’s AI-powered solutions promise to answer calls, take reservations, and manage bookings for “understaffed” restaurants. Yelp Host and Yelp Receptionist are part of a broader push from the company and similar platforms embracing AI to streamline customer m…",https://www.theverge.com/news/802529/yelp-ai-host-receptionist,2025-10-20T11:52:55Z,Positive,0.5574,yelp ai take reservation phone yelp ai powered solution promise answer call take reservation manage booking understaffed restaurant yelp host yelp receptionist part broader push company similar platform embracing ai streamline customer ul li li li li ul ai powered receptionist take booking answer question ai powered receptionist take booking answer question robert hartclose robert har 3477 char
Werner Herzog on AI-Generated Movies: ‘They Look Completely Dead’,"Herzog spoke with Conan O'Brien about the concept of truth and why AI is a ""nemesis.""",https://gizmodo.com/werner-herzog-on-ai-generated-movies-they-look-completely-dead-2000665025,2025-09-29T18:35:08Z,Positive,0.6815,werner herzog ai generated movie look completely dead herzog spoke conan brien concept truth ai nemesis legendary filmmaker come honey boo boo superfan werner herzog see beauty everything two notable exception chicken art created artificial intelligence 4401 char
"SB 53, the landmark AI transparency bill, is now law in California","Senate Bill 53, the landmark AI transparency bill that has divided AI companies and made headlines for months, is now officially law in California.  On Monday, California governor Gavin Newsom signed the “Transparency in Frontier Artificial Intelligence Act,”…",https://www.theverge.com/ai-artificial-intelligence/787918/sb-53-the-landmark-ai-transparency-bill-is-now-law-in-california,2025-09-29T23:01:43Z,Positive,0.8519,sb 53 landmark ai transparency bill law california senate bill 53 landmark ai transparency bill divided ai company made headline month officially law california monday california governor gavin newsom signed transparency frontier artificial intelligence act ul li li li li li li ul hotly debated legislation establishes safety reporting requirement large ai company hotly debated legislation establishes safety reporting requi 4740 char
This Startup Wants to Spark a US DeepSeek Moment,"With the US falling behind on open source models, one startup has a bold idea for democratizing AI: let anyone run reinforcement learning.",https://www.wired.com/story/prime-intellect-startup-us-deepseek-moment/,2025-10-08T18:30:00Z,Positive,0.743,startup want spark u deepseek moment u falling behind open source model one startup bold idea democratizing ai let anyone run reinforcement learning ever since deepseek burst onto scene january momentum grown around open source chinese artificial intelligence model researcher pushing even open approach build 1926 char
How China is challenging Nvidia's AI chip dominance,Beijing has urged local firms to use homemade chips. But is China ready to turn away from Nvidia?,https://www.bbc.com/news/articles/cgmz2vm3yv8o,2025-10-05T23:00:21Z,Positive,0.6369,china challenging nvidia ai chip dominance beijing urged local firm use homemade chip china ready turn away nvidia osmond chiabusiness reporter nvidia ceo jensen huang said china nanosecond behind u chip u dominated global technology market decade china want change 6985 char
AI Finds its Niche: Writing Corporate Press Releases,Hopefully it got the numbers right.,https://gizmodo.com/ai-finds-its-niche-writing-corporate-press-releases-2000666360,2025-10-02T15:00:39Z,Positive,0.6124,ai find niche writing corporate press release hopefully got number right one place ai seems found work corporate press office according new study published journal pattern provides comprehensive review writing r 2920 char
How AI safety took a backseat to military money,"Hey there, and welcome to Decoder! I’m Hayden Field, senior AI repoter at The Verge — and your Thursday episode guest host. I have another couple of shows for you while Nilay is out on parental leave, and we’re going to be spending more time diving into some …",https://www.theverge.com/podcast/784865/ai-safety-military-defense-openai-anthropic-ethics,2025-09-25T13:46:39Z,Positive,0.8519,ai safety took backseat military money hey welcome decoder hayden field senior ai repoter verge thursday episode guest host another couple show nilay parental leave going spending time diving ul li li li li li li ul ai safety took backseat military money ai firm working weapon maker military safety expert heidy khlaff break 5109 char
Hollywood has no idea what to do about AI,"This is an excerpt of Sources by Alex Heath, a newsletter about AI and the tech industry, syndicated just for The Verge subscribers once a week. This week, I got an up-close look at how far apart Silicon Valley and Hollywood are on what to do about AI. First,…",https://www.theverge.com/ai-artificial-intelligence/798496/hollywood-openai-training-netflix-paramount-warner,2025-10-10T21:15:21Z,Positive,0.6808,hollywood idea ai excerpt source alex heath newsletter ai tech industry syndicated verge subscriber week week got close look far apart silicon valley hollywood ai first ul li li li li li li ul openai speedrunning entertainment industry openai speedrunning entertainment industry alex heathclose alex heath source author verge co 4711 char
Tired of 5G? Qualcomm Says 6G Will Be Here Before the End of the World,Qualcomm imagines 6G will power tomorrow's AI boom. Just ignore today's AI in the meantime.,https://gizmodo.com/qualcomm-6g-estimated-2028-arrival-2000663048,2025-09-24T12:25:24Z,Negative,-0.5267,tired 5g qualcomm say 6g end world qualcomm imago 6g power tomorrow ai boom ignore today ai meantime qualcomm ceo cristiano amon told assembled crowd snapdragon summit maui hawaii full disclosure travel lodging paid qualcomm gizmodo guarantee coverage 4111 char
Mark Cuban Would Still Have Dinner With Donald Trump,"The billionaire investor campaigned for Kamala Harris, but thinks tech execs have a “moral imperative” to play nice with the president. Why? It’s good business.",https://www.wired.com/story/the-big-interview-podcast-mark-cuban-cost-plus-drug-company/,2025-10-14T10:30:00Z,Positive,0.7964,mark cuban would still dinner donald trump billionaire investor campaigned kamala harris think tech exec moral imperative play nice president good business term alter know ai would alter would make democratic would open much could race fast expensive r 2494 char
FTC Disappears Lina Khan’s Thoughts on AI,Nothing worse than someone else deleting your posts.,https://gizmodo.com/ftc-disappears-lina-khans-thoughts-on-ai-2000674454,2025-10-20T20:20:34Z,Positive,0.5795,ftc disappears lina khan thought ai nothing worse someone else deleting post despite vice president jd vance khanservatives among republican rank offering praise lina khan ran federal trade commission time agency head position 2607 char
Is the AI Conveyor Belt of Capital About to Stop?,Good thing it's only the entire economy propped up by this right now.,https://gizmodo.com/is-the-ai-conveyor-belt-of-capital-about-to-stop-2000671017,2025-10-13T19:40:03Z,Positive,0.5423,ai conveyor belt capital stop good thing entire economy propped right american economy little big bet ai morgan stanley investor ruchir sharma recently noted money poured ai investment account 40 united state gd 12177 char
Meta AI just created the next evolution of the Photosphere,"Hyperscape is a new technology from Meta that lets you scan and visit real world locations with hyper-realistic detail, all fully viewable in VR.",https://www.androidcentral.com/gaming/virtual-reality/meta-ai-just-created-the-next-evolution-of-the-photosphere,2025-10-02T16:54:00Z,Positive,0.25,meta ai created next evolution photosphere hyperscape new technology meta let scan visit real world location hyper realistic detail fully viewable vr weekly column android central senior content producer nick sutrich delf thing vr new hardware new game upcoming technology much finished touring 5547 char
Larry Ellison’s quest to run the world,"For most of his career Larry Ellison has been content to quietly let Oracle be the company, behind the company, behind the technology that makes headlines. Its biggest products being cloud computing and database products that it sells to enterprise customers …",https://www.theverge.com/tech/787051/larry-ellison-tiktok-quest-to-run-the-world,2025-09-28T19:32:05Z,Positive,0.765,larry ellison quest run world career larry ellison content quietly let oracle company behind company behind technology make headline biggest product cloud computing database product sell enterprise customer ul li li li li li li ul tiktok latest prize silicon valley billionaire second act medium mogul tiktok latest prize silicon valley billionair 7628 char
Welcome to the ‘Jobless Growth’ Economy,Companies counting on AI are closing the door on entry-level workers.,https://gizmodo.com/welcome-to-the-jobless-growth-economy-2000673236,2025-10-17T12:30:59Z,Positive,0.9476,welcome jobless growth economy company counting ai closing door entry level worker america entering era jobless growth according analyst goldman sachs ideal u job reliant especially great currently h 2984 char
"Netflix’s Stock Drops on Lackluster Earnings, but Its AI Implementation Is Going Way Up","With all the AI talk, it feels like 2023 again at Netflix.",https://gizmodo.com/netflixs-ai-implementation-is-going-way-up-2000675360,2025-10-22T04:13:18Z,Positive,0.3818,netflix stock drop lackluster earnings ai implementation going way ai talk feel like 2023 netflix netflix reported quarterly earnings tuesday revenue 11 51 billionslightly bloombergs forecast 11 52 billion earnings per share 5 87 estimate 6 94 3577 char
"Anthropic CPO says 'AI FOMO' pushed companies to use the technology. Now, they want success metrics","Anthropic CPO Mike Krieger said that companies need ""some kind of success metrics or evaluation"" for their AI tools.",https://www.businessinsider.com/anthropic-cpo-companies-success-metrics-avoid-ai-fomo-2025-10,2025-10-15T15:21:45Z,Positive,0.9595,anthropic cpo say ai fomo pushed company use technology want success metric anthropic cpo mike krieger said company need kind success metric evaluation ai tool jerod harris getty image vox medium ul li anthropic cpo mike krieger said company need kind success metric evaluation ai tool li li company cre 2568 char
OpenAI wasn’t expecting Sora’s copyright drama,"When OpenAI released its new AI-generated video app Sora last week, it launched with an opt-out policy for copyright holders - media companies would need to expressly indicate they didn't want their AI-generated characters running rampant on the app. But afte…",https://www.theverge.com/ai-artificial-intelligence/795171/openai-devday-sam-altman-sora-launch-copyright,2025-10-08T01:30:34Z,Negative,-0.5574,openai expecting sora copyright drama openai released new ai generated video app sora last week launched opt policy copyright holder medium company would need expressly indicate want ai generated character running rampant app afte ul li li li li li li ul didnt realize people might want deepfakes say offensive thing didnt realize people might want deepfakes say offensive 9340 char
Amazon Unveils New Echo Speakers with Alexa+ AI and Omnisense Technology,"Amazon today announced the launch of new Echo Dot Max, Echo Studio, Echo Show 8, and Echo Show 11 smart speakers, all of which are designed to work with Amazon's Alexa+ AI assistant.





The new speakers have faster chips with AI acceleration, and a custom s…",https://www.macrumors.com/2025/09/30/amazon-echo-speakers-alexa-plus/,2025-09-30T23:27:19Z,Positive,0.872,amazon unveils new echo speaker alexa ai omnisense technology amazon today announced launch new echo dot max echo studio echo show 8 echo show 11 smart speaker designed work amazon alexa ai assistant new speaker faster chip ai acceleration custom amazon today announced launch new echo dot max echo studio echo show 8 echo show 11 smart speaker designed work amazon alexa ai assistant new speaker 1654 char
"Physics, Not AI, Could Power These Self-Regulating Microreactors",The algorithm is grounded in math and physics and allows a nuclear microreactor to automatically control its thermal power.,https://gizmodo.com/physics-not-ai-could-power-these-self-regulating-microreactors-2000663275,2025-09-24T18:45:17Z,Positive,0.5106,physic ai could power self regulating microreactors algorithm grounded math physic allows nuclear microreactor automatically control thermal power world ai dominated algorithm nuclear physicist prefer science old fashioned way newly developed physic based ai free algorithm may breakthrough needed f 3258 char
OpenAI Teams Up With Oracle and SoftBank to Build 5 New Stargate Data Centers,The new sites will boost Stargate’s planned capacity to nearly 7 gigawatts—about equal to the output of seven large nuclear reactors.,https://www.wired.com/story/openai-oracle-softbank-data-center-stargate-us/,2025-09-23T20:59:50Z,Positive,0.6705,openai team oracle softbank build 5 new stargate data center new site boost stargate planned capacity nearly 7 gigawatts equal output seven large nuclear reactor openai planning build five new data center united state part stargate initiative company announced tuesday site developed partnership 2994 char
Anthropic releases Claude Sonnet 4.5 in latest bid for AI agents and coding supremacy,"Anthropic's latest AI model spent 30 hours running by itself to code a chat app akin to Slack or Teams. It spat out about 11,000 lines of code, according to Anthropic, and it only stopped running when it had completed the task. The model, Claude Sonnet 4.5, w…",https://www.theverge.com/ai-artificial-intelligence/787524/anthropic-releases-claude-sonnet-4-5-in-latest-bid-for-ai-agents-and-coding-supremacy,2025-09-29T17:04:09Z,Positive,0.2732,anthropic release claude sonnet 4 5 latest bid ai agent coding supremacy anthropic latest ai model spent 30 hour running code chat app akin slack team spat 11 000 line code according anthropic stopped running completed task model claude sonnet 4 5 w ul li li li li ul run autonomously 30 hour straight per anthropic run autonomously 30 hour straight per anthropic hayden fieldclose hayden field post f 4299 char
The quants who built computer-run trading strategies aren't ready to hand it over to AI,"The technology is only as good as the end user, many quant investors said this week at a London conference.",https://www.businessinsider.com/quants-investing-ai-hype-grunt-work-marketing-2025-10,2025-10-17T08:29:01Z,Positive,0.8225,quants built computer run trading strategy ready hand ai technology good end user many quant investor said week london conference tetra image getty image ul li quant investor speaking london conference week said ai end user technology li li executive came hedge fund 3368 char
Bryan Cranston and SAG-AFTRA say OpenAI is taking their deepfake concerns seriously,"Actors, studios, agents, and the actors union SAG-AFTRA have all expressed their concerns about appearing in Sora 2’s AI-generated videos ever since the deepfake machine was released last month. Now a joint statement from actor Bryan Cranston, OpenAI, the uni…",https://www.theverge.com/news/803141/openai-sora-bryan-cranston-deepfakes,2025-10-21T00:14:57Z,Negative,-0.4939,bryan cranston sag aftra say openai taking deepfake concern seriously actor studio agent actor union sag aftra expressed concern appearing sora 2 ai generated video ever since deepfake machine released last month joint statement actor bryan cranston openai uni ul li li li li li li ul breaking bad actor never opted appear openais video sharing app sora yet video definitely showed breaking bad actor never opted 3232 char
Peter Thiel Thinks the Antichrist Is ‘Someone Like’ This AI Doomer That He Funded,"Amidst his bizarre new proselytizing, the Palantir founder is pointing the finger at a former colleague.",https://gizmodo.com/peter-thiel-thinks-the-antichrist-is-someone-like-this-ai-doomer-that-he-funded-2000671027,2025-10-10T19:55:59Z,Negative,-0.5574,peter thiel think antichrist someone like ai doomer funded amidst bizarre new proselytizing palantir founder pointing finger former colleague silence broken peter thiel weird antichrist lecture finally getting detail went people found lecture dense others seem found long winde 4423 char
Ohio Lawmaker Wants to Ban Marriage Between Humans and AI Chatbots,"Love should stay between a human and a human, according to one Ohio legislator.",https://gizmodo.com/ohio-lawmaker-wants-to-ban-marriage-between-humans-and-ai-chatbots-2000672216,2025-10-14T20:53:17Z,Positive,0.2263,ohio lawmaker want ban marriage human ai chatbots love stay human human according one ohio legislator marriage equality topic conversation ohio legislature althoughthis timethe debate marriage two human instead human software ye 2382 char
Google’s extreme smart home makeover,"Google has a long history of building something interesting, making a lot of big promises about its future, then seemingly forgetting it exists and killing it a few months or years later. Over the last few years, you'd be forgiven for thinking the smart home …",https://www.theverge.com/podcast/794067/google-smart-home-gemini-peloton-ai-vergecast,2025-10-07T13:22:21Z,Positive,0.765,google extreme smart home makeover google long history building something interesting making lot big promise future seemingly forgetting exists killing month year later last year forgiven thinking smart home ul li li li li li li ul vergecast google think gemini fix house peloton gear expensive vergecast google think gemini fix yo 3351 char
Sam Altman says ChatGPT will soon sext with verified adults,"OpenAI will soon allow “erotica” for ChatGPT users who verify their age on the platform. In an X post on Tuesday, OpenAI CEO Sam Altman said the company will add support for mature conversations when it launches age-gating in December. “As we roll out age-gat…",https://www.theverge.com/news/799312/openai-chatgpt-erotica-sam-altman-verified-adults,2025-10-14T17:45:34Z,Positive,0.7506,sam altman say chatgpt soon sext verified adult openai soon allow erotica chatgpt user verify age platform x post tuesday openai ceo sam altman said company add support mature conversation launch age gating december roll age gat ul li li li li li li ul openai bring erotica chatgpt roll age verification december openai bring erotica chatgpt roll age verification 2931 char
"GM says hands-free, eyes-off driving is coming to Escalade IQ in 2028","General Motors may be shrinking its electric vehicle production, but the automaker wants investors to know its still committed to future technologies like automated driving, software-defined vehicles, and AI voice assistants. Today, GM CEO Mary Barra announce…",https://www.theverge.com/news/802452/gm-forward-ai-robot-level-3-autonomous,2025-10-21T20:15:32Z,Positive,0.886,gm say hand free eye driving coming escalade iq 2028 general motor may shrinking electric vehicle production automaker want investor know still committed future technology like automated driving software defined vehicle ai voice assistant today gm ceo mary barra announce ul li li li li li li ul ev business contract gm doubling ai software robotics ev business contract gm doubling ai software robotics 9235 char
Four Strategic Signals Technology Leaders Are Tuning In To - SPONSOR CONTENT FROM ARM,Sponsor content from ARM.,https://hbr.org/sponsored/2025/09/four-strategic-signals-technology-leaders-are-tuning-in-to,2025-09-29T19:50:45Z,Positive,0.4939,four strategic signal technology leader tuning sponsor content arm sponsor content arm skip content sponsor content arm gt sponsor content arm gt generative ai automation geopolitical shift reshape business landscape leadership undergo 7273 char
This could be 'the best growing technology company': Here's why,"The artificial intelligence (AI) trade is top of mind for investors as US stocks (^DJI, ^GSPC, ^IXIC) trade at record highs. Niles Investment Management...",https://finance.yahoo.com/video/could-best-growing-technology-company-210000694.html,2025-10-02T21:00:00Z,Positive,0.8979,could best growing technology company artificial intelligence ai trade top mind investor u stock dji gspc ixic trade record high nile investment management want get name often talk program uh impinge playing slightly different space within ai trade think going talk 1765 char
The new AI arms race changing the war in Ukraine,"Both Ukraine and Russia use AI in battle, but removing human decision-making comes with risks.",https://www.bbc.com/news/articles/cly7jrez2jno,2025-10-10T00:26:16Z,Negative,-0.9022,new ai arm race changing war ukraine ukraine russia use ai battle removing human decision making come risk abdujalil abdurasulovin kyiv russian ai drone present new challenge ukraine say serhiy beskrestnov technology future threat warns serhiy beskrestnov jus 4612 char
"AI Won’t Replace Jobs, but Tech Bros Want You to Be Afraid It Will","He also thinks the AI bubble burst is going to make 2008 feel like ""a golden age.""",https://gizmodo.com/ai-wont-replace-jobs-tech-bros-want-you-terrified-2000670808,2025-10-15T14:20:54Z,Positive,0.4215,ai replace job tech bros want afraid also think ai bubble burst going make 2008 feel like golden age ai overrated according author cory doctorow think ai job doctorow said despite boss across industry insatiably horny idea ai r 7077 char
Meta Ray-Ban Display Glasses Review: Halfway to the Future,"Meta's next-level smart glasses include some incredible new technology, but there are still lots of missing pieces.",https://www.cnet.com/tech/computing/meta-ray-ban-display-glasses-review-my-life-as-a-cyborg/,2025-10-16T12:00:06Z,Negative,-0.7717,meta ray ban display glass review halfway future meta next level smart glass include incredible new technology still lot missing piece see someone nearby wearing thick ray ban glass maybe staring space bit making small gesture finger could witness next big piece wearable tech 15390 char
OpenAI Rolls Out ChatGPT’s Ability to Buy Stuff for You,OpenAI’s new Instant Checkout lets users buy products from Etsy and soon millions of Shopify merchants.,https://gizmodo.com/openai-rolls-out-chatgpts-ability-to-buy-stuff-for-you-2000665177,2025-09-29T21:10:18Z,Positive,0.3182,openai roll chatgpt ability buy stuff openai new instant checkout let user buy product etsy soon million shopify merchant openai made possible buy thing directly chatgpt starting today chatgpt user u use new feature called instant checkout purchase item etsy seller 2574 char
These nonprofits lobbied to regulate OpenAI — then the subpoenas came,"On August 19th at 7:07PM, Tyler Johnston received a message from his roommate. A man, the text said, was knocking on their door with legal documents to serve. Johnston is the founder and sole employee of The Midas Project: a nonprofit that monitors the practi…",https://www.theverge.com/ai-artificial-intelligence/801994/openai-subpoenas-intimidation-tactics-nonprofits-elon-musk-restructuring,2025-10-20T13:52:14Z,Negative,-0.7096,nonprofit lobbied regulate openai subpoena came august 19th 7 07pm tyler johnston received message roommate man text said knocking door legal document serve johnston founder sole employee midas project nonprofit monitor practi ul li li li li li li ul openais legal battle elon musk caught company critic crossfire openais legal battle elon musk caught company critic crossfire 12960 char
My other car is a cargo bike,"The vehicle of the future is electric. It's good for the environment. It has enough room for your stuff, as long as you're coming from the grocery and not the furniture store. It's fast, it has super-responsive steering, and you can park it basically anywhere…",https://www.theverge.com/podcast/788307/electric-cargo-bikes-google-antitrust-vergecast,2025-09-30T12:58:21Z,Positive,0.8519,car cargo bike vehicle future electric good environment enough room stuff long coming grocery furniture store fast super responsive steering park basically anywhere ul li li li li li li ul vergecast bike bus google trial ai video summary vergecast bike bus google trial ai video summary david pierceclose 3067 char
"Gear News of the Week: Adobe Premiere Lands on iPhone, and Nothing Lets You Design Your Own Widgets","Plus: Whoop lets you order blood tests, Arlo refreshes its security camera lineup, and Roland unveils a new analog drum machine.",https://www.wired.com/story/gear-news-of-the-week-adobe-premiere-lands-on-iphone-and-nothing-lets-you-design-your-own-widgets/,2025-10-04T10:00:00Z,Positive,0.6705,gear news week adobe premiere land iphone nothing let design widget plus whoop let order blood test arlo refreshes security camera lineup roland unveils new analog drum machine adobe busy year designing redesigning number popular apps mobile premiere iphone latesta mobile first video editing workflow adapts 4821 char
AI couldn't picture a woman like me - until now,"Paralympic swimmer Jess Smith, says representation means being seen as part of the AI world that's being built.",https://www.bbc.com/news/articles/cj07ley3jnpo,2025-10-14T23:14:57Z,Positive,0.3612,ai picture woman like paralympic swimmer jess smith say representation mean seen part ai world built jess smith uploaded photo ai image generator summer expecting social experiment former australian paralympic swimmer wanted vamp headshot 4507 char
Tech billionaires seem to be doom prepping. Should we all be worried?,The debate is ramping up about what happens if - or when - computer intelligence overtakes humans,https://www.bbc.com/news/articles/cly17834524o,2025-10-09T23:02:51Z,Negative,-0.2023,tech billionaire seem doom prepping worried debate ramping happens computer intelligence overtakes human mark zuckerberg said started work koolau ranch sprawling 1 400 acre compound hawaiian island kauai far back 2014 set include shelter complete 11540 char
"There's No 'AI Bubble', Says Yahoo Finance Executive Editor","""I'm here to say we have to give these AI bubble predictions a rest,"" says Yahoo Finance executive editor Brian Sozzi.

First of all, AI is a real technology being deployed in real ways inside of Corporate America. Second, this technology is requiring more ph…",https://slashdot.org/story/25/10/12/206215/theres-no-ai-bubble-says-yahoo-finance-executive-editor,2025-10-12T20:44:00Z,Positive,0.3612,ai bubble say yahoo finance executive editor say give ai bubble prediction rest say yahoo finance executive editor brian sozzi first ai real technology deployed real way inside corporate america second technology requiring ph first ai real technology deployed real way inside corporate america second technology requiring physical asset ground built suppo 1691 char
"Wondershare Recoverit V14—AI-Driven Recovery Across 1M+ Devices, 10K+ Scenarios, 99.5% Success Rate",The best chance of getting your data back.,https://gizmodo.com/wondershare-recoverit-v14-ai-driven-recovery-across-1m-devices-10k-scenarios-99-5-success-rate-2000672549,2025-10-20T13:00:05Z,Positive,0.8481,wondershare recoverit v14 ai driven recovery across 1m device 10k scenario 99 5 success rate best chance getting data back data loss severe consequence business consumer entire project gone forever service apps offline precious memory may never get relive list ex 5906 char
Verizon's 6G initiative said to level up wireless communication for the world,"From faster speeds, to being able to ""sense"" the environment, and integrating AI.",https://www.androidcentral.com/phones/verizon-wireless/verizons-6g-initiative-said-level-up-wireless-communication-for-the-world,2025-09-23T10:44:00Z,Positive,0.1027,verizon 6g initiative said level wireless communication world faster speed able sense environment integrating ai need know ul li verizon begin development 6g technology partnership major tech company like samsung nokia li li next gen 6g focus speed low latency 3348 char
Elon Musk's xAI accuses OpenAI of stealing trade secrets and targeting its employees in a new lawsuit,"The legal battle between Elon Musk's xAI and Sam Altman's OpenAI just widened , with Musk accusing the ChatGPT maker of stealing technology.",https://www.businessinsider.com/xai-accuses-openai-of-stealing-trade-secrets-in-new-lawsuit-2025-9,2025-09-25T19:14:23Z,Negative,-0.959,elon musk xai accuses openai stealing trade secret targeting employee new lawsuit legal battle elon musk xai sam altman openai widened musk accusing chatgpt maker stealing technology elon musk sam altmangetty image ul li elon musk xai sued openai alleging company poached staff intent stealing tech li li lawsuit claim openai recruited ex xai empl 2441 char
I'm a billionaire CEO who's acquired 9 companies in 8 months. Here's what I look for in an investment.,"Phil Shaw, the billionaire founder of TransPerfect, a language and AI solutions company, has acquired nine companies since January.",https://www.businessinsider.com/billionaire-ceo-phil-shaw-investment-tips-2025-9,2025-09-29T09:15:01Z,Positive,0.3182,billionaire ceo acquired 9 company 8 month look investment phil shaw billionaire founder transperfect language ai solution company acquired nine company since january phil shawe billionaire cofounder transperfect told business insider look investment two elk studio ul li phil shawe cofounder transperfect language 4541 char
"UK Has Good Tech Talent Pool, Paid's Manny Medina Says",The rise of AI agents has brought with it the question of how much developers of the technology should be charging their customers. The traditional software ...,https://finance.yahoo.com/video/uk-good-tech-talent-pool-075331236.html,2025-09-29T07:53:31Z,Positive,0.6908,uk good tech talent pool paid manny medina say rise ai agent brought question much developer technology charging customer traditional software rise ai agent brought question much developer technology charging customer traditional software pricing model charging per user look 285 char
$1.65 trillion chip giant Broadcom cuts staff in units like sales and accounts,Broadcom cuts staff in sales and account management roles. The chip giant has been capitalizing on the AI boom.,https://www.businessinsider.com/broadcom-layoffs-rifs-cuts-sales-staff-ai-expansion-2025-10,2025-10-18T00:48:57Z,Negative,-0.4215,1 65 trillion chip giant broadcom cut staff unit like sale account broadcom cut staff sale account management role chip giant capitalizing ai boom broadcom ceo hock tanying tang nurphoto via getty image ul li broadcom cut staff sale account management role week according linkedin post li li layoff follow broadcom 1306 char
Zocdoc CEO: ‘Dr. Google is going to be replaced by Dr. AI’,"Today’s Decoder episode is a special one: I’m talking to Zocdoc CEO Oliver Kharraz, and we chatted live onstage at the TechFutures conference here in New York City.  You’re almost certainly familiar with Zocdoc — it’s a platform that helps people find and boo…",https://www.theverge.com/podcast/801767/zocdoc-ceo-oliver-kharraz-ai-medical-healthcare-doctors,2025-10-20T13:59:34Z,Positive,0.7584,zocdoc ceo dr google going replaced dr ai today decoder episode special one talking zocdoc ceo oliver kharraz chatted live onstage techfutures conference new york city almost certainly familiar zocdoc platform help people find boo ul li li li li li li ul oliver kharraz competition healthcare ai really belongs medicine nilay patelclose nilay patel post author added 60466 char
Everything Amazon Announced Today at Its Fall Hardware Event (2025),"Amazon's next-gen Alexa+ chatbot is now available in four new Echo devices and a bevy of Ring cameras. The company also debuted three new Kindle Scribe tablets, one with a color screen.",https://www.wired.com/story/everything-amazon-announced-today-at-its-fall-hardware-event/,2025-09-30T16:36:42Z,Positive,0.5859,everything amazon announced today fall hardware event 2025 amazon next gen alexa chatbot available four new echo device bevy ring camera company also debuted three new kindle scribe tablet one color screen big year amazonsalexa voice assistant got large language model power earlier year form alexa paid upgrade non amazon prime subscriber amazon 2045 char
Army General Says He's Using AI To Improve 'Decision-Making',Maj. Gen. William Taylor told reporters at the Association of the US Army Conference in Washington this week that he and the Eighth Army he commands out of South Korea are regularly using AI for decision-making. Taylor said he has been asking AI chatbots to h…,https://tech.slashdot.org/story/25/10/17/1011256/army-general-says-hes-using-ai-to-improve-decision-making,2025-10-17T15:20:00Z,Positive,0.8402,army general say using ai improve decision making maj gen william taylor told reporter association u army conference washington week eighth army command south korea regularly using ai decision making taylor said asking ai chatbots h couple year ago one base security officer charge making sure sp mp security guy whatevers knew everything classified get fast including 287 char
The problems with AI in the smart home and how Amazon and Google plan to fix them,"Last week, Amazon and Google kick-started what could be the next chapter of the smart home. Their new voice assistants, Alexa Plus and Gemini for Home, have been rebuilt from the ground up on generative AI and large language models to be more conversational, …",https://www.theverge.com/report/796138/alexa-plus-gemini-for-home-problmes-solutions-smart-home,2025-10-08T15:57:16Z,Positive,0.886,problem ai smart home amazon google plan fix last week amazon google kick started could next chapter smart home new voice assistant alexa plus gemini home rebuilt ground generative ai large language model conversational ul li li li li li li ul year false start promise ambient intelligence arrived worth price jennifer pattison tuohyclose jennifer pattiso 12278 char
AI-Powered Stan Lee Hologram Debuts at LA Comic Con,"An anonymous reader shared this report from Ars Technica:

Late last week, The Hollywood Reporter ran a story about an ""AI Stan Lee hologram"" that would be appearing at the LA Comic Con this weekend. [Watch it in action here.] Nearly seven years after the fam…",https://entertainment.slashdot.org/story/25/09/29/041251/ai-powered-stan-lee-hologram-debuts-at-la-comic-con,2025-09-29T04:59:00Z,Positive,0.34,ai powered stan lee hologram debut la comic con anonymous reader shared report ar technica late last week hollywood reporter ran story ai stan lee hologram would appearing la comic con weekend watch action nearly seven year fam late last week hollywood reporter ran story ai stan lee hologram would appearing la comic con weekend watch action nearly seven year fa 2440 char
Jensen Huang name-checks 6 AI companies — and says 100% of Nvidia engineers use one of them,Six AI startups are part of Jensen Huang's future vision for human-agentic AI workforces.,https://www.businessinsider.com/jensen-huang-hot-ai-startups-nvidia-vibe-coding-cursor-openai-2025-10,2025-10-15T08:57:52Z,Positive,0.25,jensen huang name check 6 ai company say 100 nvidia engineer use one six ai startup part jensen huang future vision human agentic ai workforce nvidia partnering beleaguered intel tune 5 billion kent nishimura reuters ul li jensen huang highlighted six ai startup said part human digital workforce 2553 char
Gavin Newsom Signs First-In-Nation AI Safety Law,An anonymous reader quotes a report from Politico: California Gov. Gavin Newsom signed a first-in-the-nation law on Monday that will force major AI companies to reveal their safety protocols -- marking the end of a lobbying battle with big tech companies like…,https://slashdot.org/story/25/09/29/2054225/gavin-newsom-signs-first-in-nation-ai-safety-law,2025-09-29T22:20:00Z,Positive,0.6249,gavin newsom sign first nation ai safety law anonymous reader quote report politico california gov gavin newsom signed first nation law monday force major ai company reveal safety protocol marking end lobbying battle big tech company like california gov gavin newsom signed first nation law monday force major ai company reveal safety protocol marking end lobbying battle big tech compa 604 char
TikTok is tagging videos from Gaza with TikTok Shop products,"In a video from a Turkish broadcaster, a Palestinian woman walks among the rubble, wailing. ""Where are my three daughters, my husband, and my cousin?"" She went out to get flour, she says, and came back to find her home collapsed, her family apparently trapped…",https://www.theverge.com/tech/782540/tiktok-shop-scanning-gaza-videos-e-commerce-dupes,2025-09-22T16:16:21Z,Negative,-0.8555,tiktok tagging video gaza tiktok shop product video turkish broadcaster palestinian woman walk among rubble wailing three daughter husband cousin went get flour say came back find home collapsed family apparently trapped ul li li li li li li ul new ai powered feature scan video product match image tiktok shop listing even using footage war gaza new ai powered featur 5288 char
Inside the Netherlands' greenhouse empire. Photos show how it became the world's second-largest agricultural exporter.,"Photos show secrets behind the Netherlands' success as the world's second-largest agricultural exporter, focusing on pioneering greenhouse technology.",https://www.businessinsider.com/photos-show-how-tiny-country-became-second-largest-agricultural-exporter-2025-9,2025-09-27T07:29:01Z,Positive,0.7579,inside netherlands greenhouse empire photo show became world second largest agricultural exporter photo show secret behind netherlands success world second largest agricultural exporter focusing pioneering greenhouse technology greenhouse netherlands grows tomato adityaman singh business insider ul li netherlands efficient greenhouse world li li dutch company looye kw 7493 char
Nvidia CEO Says Company Went from 95% to 0 Market Share in China,"Nvidia CEO Jensen Huang says his company has lost all access to China's market after U.S. export restrictions eliminated what was once a 95% share. Speaking in an interview with Citadel Securities, Huang questioned the wisdom of policies that cost America one…",https://tech.slashdot.org/story/25/10/20/1934203/nvidia-ceo-says-company-went-from-95-to-0-market-share-in-china,2025-10-20T20:05:00Z,Positive,0.7184,nvidia ceo say company went 95 0 market share china nvidia ceo jensen huang say company lost access china market u export restriction eliminated 95 share speaking interview citadel security huang questioned wisdom policy cost america one u arent buying enough u need buy u also u cant buy basically anything actually need forbid buy cheap bulk good g 76 char
"Fox News AI Newsletter: Trump, Musk aim for dominance",Stay up to date on the latest AI technology advancements and learn about the challenges and opportunities AI presents now and for the future.,https://www.foxnews.com/tech/ai-newsletter-trump-musk-aim-dominance,2025-09-27T12:30:04Z,Positive,0.93,fox news ai newsletter trump musk aim dominance stay date latest ai technology advancement learn challenge opportunity ai present future welcome fox news artificial intelligence newsletter latest ai technology advancement today newsletter trump admin reunites elon musk pursuit ai dominance benefit 2429 char
NPR's Student Podcast Challenge: Here are our fourth grade winners!,"We heard fun and engaging podcasts on topics including how math teaching has evolved, what its like to disengage from technology, and, who has it better: kids or grownups?",https://www.npr.org/2025/10/04/nx-s1-5522266/npr-student-podcast-fourth-grade-winners,2025-10-04T09:00:00Z,Positive,0.9595,npr student podcast challenge fourth grade winner heard fun engaging podcasts topic including math teaching evolved like disengage technology better kid grownup year fourth grade teacher around county turned classroom recording studio student submitted outstanding story interview commentary npr 4041 char
Netflix Hiring A Director Of Generative AI For Gaming With A Starting Salary Of Up To $840K,"The person will be responsible for applying 'Gen AI across our portfolio and studios'
The post Netflix Hiring A Director Of Generative AI For Gaming With A Starting Salary Of Up To $840K appeared first on Kotaku.",https://kotaku.com/netflix-generative-ai-gaming-animal-crossing-studio-ghibli-2000631485,2025-10-03T14:13:23Z,Positive,0.7783,netflix hiring director generative ai gaming starting salary 840k person responsible applying gen ai across portfolio studio post netflix hiring director generative ai gaming starting salary 840k appeared first kotaku netflix gaming strategy yet take clear shape generative ai could end big part least company seems hope based recent job posting 2192 char
Nobel economist warns of AI dangers,"A winner of this year’s Nobel prize in economics warned Monday that artificial intelligence offers ""amazing possibilities"" but should be regulated because of...",https://www.yahoo.com/news/articles/nobel-economist-warns-ai-dangers-194529501.html,2025-10-13T19:45:29Z,Positive,0.9545,nobel economist warns ai danger winner year nobel prize economics warned monday artificial intelligence offer amazing possibility regulated winner year nobel prize economics warned monday artificial intelligence offer amazing possibility regulated job destroying potential remark 2208 char
"Sam Altman wants to build 1 gigawatt of 'AI infrastructure' a week — enough to power 876,000 households a year","Sam Altman shared his goal of building 1 GW of AI infrastructure per week, addressing what experts say could be a major bottleneck for scaling AI.",https://www.businessinsider.com/sam-altman-ai-infrastructure-1-gw-per-week-stargate-2025-9,2025-09-23T22:40:08Z,Positive,0.6041,sam altman want build 1 gigawatt ai infrastructure week enough power 876 000 household year sam altman shared goal building 1 gw ai infrastructure per week addressing expert say could major bottleneck scaling ai sam altman say decade college graduate could almost unthinkable thing like exploring solar systemandrew harnik getty image ul li openai ceo sam altman published blog tuesd 2526 char
Fox News AI Newsletter: Dems demand 'robot tax',"The Fox News Artificial Intelligence Newsletter brings you the latest news on the emerging technology every Saturday, highlighting top stories.",https://www.foxnews.com/tech/ai-newsletter-dems-demand-robot-tax,2025-10-11T12:30:52Z,Positive,0.7506,fox news ai newsletter dems demand robot tax fox news artificial intelligence newsletter brings latest news emerging technology every saturday highlighting top story welcome fox news artificial intelligence newsletter latest ai technology advancement today newsletter democrat demand robot tax ai reportedly threatens replace 100m u j 3249 char
Roku Voice Will Soon Let You Ask Questions and Search With AI,"Roku has outlined a number of upgrades, including sports reminders and more search.",https://www.cnet.com/tech/home-entertainment/roku-voice-will-soon-let-you-ask-questions-and-search-with-ai/,2025-10-15T13:00:05Z,Positive,0.7003,roku voice soon let ask question search ai roku outlined number upgrade including sport reminder search roku set roll host tweak popular streaming platform including ai interaction voice feature bluetooth support latest stick company say update wil 1951 char
'The AI Revolution's Next Casualty Could Be the Gig Economy',"""The gig economy is facing a reckoning,"" argues Business Insider's BI Today newsletter.""




Two stories this past week caught my eye. Uber unveiled a new way for its drivers to earn money. No, not by giving rides, but by helping train the ride-sharing compan…",https://slashdot.org/story/25/10/20/0616223/the-ai-revolutions-next-casualty-could-be-the-gig-economy,2025-10-20T07:34:00Z,Positive,0.7783,ai revolution next casualty could gig economy gig economy facing reckoning argues business insider bi today newsletter two story past week caught eye uber unveiled new way driver earn money giving ride helping train ride sharing compan two story past week caught eye uber unveiled new way driver earn money giving ride helping train ride sharing company ai model instead sam 886 char
Google Cloud's CEO says he doesn't buy into the hype that AI is going to automate everyone's jobs,Google Cloud CEO Thomas Kurian dismissed the hype that AI will automate so much work that it'll cost people their jobs.,https://www.businessinsider.com/google-cloud-ceo-ai-automate-jobs-2025-10,2025-10-10T17:43:46Z,Neutral,0.0,google cloud ceo say buy hype ai going automate everyone job google cloud ceo thomas kurian dismissed hype ai automate much work cost people job thomas kurian ceo google cloud weighed ai hype candice ward getty image google cloud ul li google cloud ceo thomas kurian say think ai automate everyone job 2092 char
YouTube CEO reveals what creators worry about in terms of AI — and what he's working on to fix it,YouTube CEO Neal Mohan said the platform is working on a new tool to address one of creators' big AI fears.,https://www.businessinsider.com/youtube-ceo-neal-mohan-creator-economy-ai-fears-2025-10,2025-10-09T15:35:39Z,Negative,-0.8074,youtube ceo reveals creator worry term ai working fix youtube ceo neal mohan said platform working new tool address one creator big ai fear mohan said youtube working tool detect ai generated likeness josh edelson afp via getty image ul li youtube ceo neal mohan said many creator creatives worried ai imitati 2035 char
Indonesia's Film Industry Embraces AI To Make Hollywood-style Movies For Cheap,"Indonesia's film industry has started using generative AI tools to produce films at a fraction of Hollywood budgets. The country's filmmakers are deploying ChatGPT for scriptwriting, Midjourney for image generation, and Runway for video storyboarding. VFX art…",https://entertainment.slashdot.org/story/25/10/14/1536226/indonesias-film-industry-embraces-ai-to-make-hollywood-style-movies-for-cheap,2025-10-14T19:22:00Z,Positive,0.3182,indonesia film industry embrace ai make hollywood style movie cheap indonesia film industry started using generative ai tool produce film fraction hollywood budget country filmmaker deploying chatgpt scriptwriting midjourney image generation runway video storyboarding vfx art indonesia film industry started using generative ai tool produce film fraction hollywood budget country filmmaker deploying chatgpt scriptwriting midjourney 507 char
"Atlassian's CEO explains why the company is planning for more engineers, not fewer",Atlassian's CEO Mike Cannon-Brookes says the company plans to have more engineers in five years time than it does today as technology demand grows.,https://www.businessinsider.com/atlassian-ceo-hiring-software-engineers-vibe-coding-recent-grads-ai-2025-10,2025-10-14T04:58:23Z,Negative,-0.25,atlassian ceo explains company planning engineer fewer atlassian ceo mike cannon brooke say company plan engineer five year time today technology demand grows atlassian ceo say vibe coding replacing core technologist company kevin dietsch getty image ul li atlassian ceo say engineer needed demand tech grows li li 2906 char
Best AI apps for Android,"AI is infiltrating the apps all over your Android phone. These are the best ones you should be using to streamline productivity, take better photos, and more.",https://www.androidcentral.com/apps-software/ai/best-android-ai-apps,2025-10-06T18:45:56Z,Positive,0.959,best ai apps android ai infiltrating apps android phone best one using streamline productivity take better photo artificial intelligence coming favorite android smartphone bad thing fact finding best ai apps particular use case workflow actu 4260 char
Amazon’s 2025 hardware event: the 8 biggest announcements,"Amazon just finished up its fall event, where it shared big updates across its entire hardware lineup. In addition to revealing new Echo hardware and Kindle Scribe upgrades, Amazon also took the wraps off refreshed Fire TV devices and a whole bunch more. Here…",https://www.theverge.com/news/788297/amazon-fall-2025-hardware-announcements-echo-alexa-kindle-ring,2025-09-30T15:36:53Z,Positive,0.7717,amazon 2025 hardware event 8 biggest announcement amazon finished fall event shared big update across entire hardware lineup addition revealing new echo hardware kindle scribe upgrade amazon also took wrap refreshed fire tv device whole bunch ul li li li li li li ul upgraded kindle scribe slew new echo device amazon lot share upgraded kindle scribe slew new echo device amazon 6108 char
"There's one key thing companies must do when they bring AI into the workplace, BCG's AI ethics officer says",BCG Global Chief AI Ethics Officer Steven Mills said that companies can't afford to treat AI like just another tool.,https://www.businessinsider.com/bcg-how-companies-deploy-ai-advice-steven-mills-2025-10,2025-10-18T12:06:01Z,Positive,0.6369,one key thing company must bring ai workplace bcg ai ethic officer say bcg global chief ai ethic officer steven mill said company afford treat ai like another tool boston consulting group chief ai ethic officer steven millspaul morigi getty image semafor ul li bcg global chief ai ethic officer steven mill said employee crave ai training li li 2548 char
Reid Hoffman says Silicon Valley's got a blind spot that savvy AI investors could be cashing in on,Reid Hoffman says the next great AI companies will rise from Silicon Valley's blind spot — not from software and code.,https://www.businessinsider.com/reid-hoffman-silicon-valley-blind-spot-ai-software-biology-2025-10,2025-10-21T04:28:50Z,Negative,-0.6808,reid hoffman say silicon valley got blind spot savvy ai investor could cashing reid hoffman say next great ai company rise silicon valley blind spot software code reid hoffman said startup need lower h 1b fee dominik bindl getty image ul li reid hoffman say silicon valley software obsession created blind spot li li linkedin c 2890 char
AI Agents Can Make You a Phone Power User. You Just Need to Learn a New Interface,"We're on the cusp of AI agents changing our devices, Qualcomm says, but only if you ditch typing and tapping to ask AI.",https://www.cnet.com/tech/mobile/ai-agents-can-make-you-a-phone-power-user-you-just-need-to-learn-a-new-interface/,2025-10-15T12:00:02Z,Positive,0.4767,ai agent make phone power user need learn new interface cusp ai agent changing device qualcomm say ditch typing tapping ask ai year heard artificial intelligence change way use phone computer instead tapping apps clicking program ai look devic 9525 char
"Agentic AI Is Here to Improve Your Life, You Just Have to Believe in It","AI agents will soon change how we use our devices, Qualcomm says, but only if you ditch typing and tapping to ask AI instead.",https://www.cnet.com/tech/mobile/agentic-ai-is-here-to-improve-your-life-you-just-have-to-believe-in-it/,2025-10-17T20:16:00Z,Positive,0.836,agentic ai improve life believe ai agent soon change use device qualcomm say ditch typing tapping ask ai instead way use phone computer change thanks onset artificial intelligence least hearing year instead tapping apps clicking 9561 char
We’re all about to be in wearable hell,"This is Optimizer, a weekly newsletter sent every Friday from Verge senior reviewer Victoria Song that dissects and discusses the latest phones, smartwatches, apps, and other gizmos that swear they're going to change your life. Optimizer arrives in our subscr…",https://www.theverge.com/column/797938/optimizer-newsletter-wearable-hell-smart-glasses-smart-rings-ai-hardware,2025-10-09T20:12:11Z,Negative,-0.2023,wearable hell optimizer weekly newsletter sent every friday verge senior reviewer victoria song dissects discusses latest phone smartwatches apps gizmo swear going change life optimizer arrives subscr ul li li li li li li ul signed wearable maximalism passing day feel cyborg human victoria songclose victoria song senior reviewer wearable 8297 char
This is your doctor on ChatGPT,Over a dozen healthcare professionals told Business Insider how they use AI — including one way it could help cure their burnout.,https://www.businessinsider.com/how-doctors-use-ai-chatgpt-including-to-help-avoid-burnout-2025-10,2025-10-04T09:36:01Z,Positive,0.6124,doctor chatgpt dozen healthcare professional told business insider use ai including one way could help cure burnout st luke internal medicine physician carl dirk said ambient listening solution clinician burnout chase castor bi adam rodman us chatgpt stumped internal medic 10465 char
GoPro Is Fighting Insta360’s X5 With Its Own ‘True 8K’ Max2 360-Degree Camera,"GoPro is also announcing an affordable Lit Hero (yes, it's really called that) action camera and a mobile gimbal.",https://gizmodo.com/gopro-is-fighting-insta360s-x5-with-its-own-true-8k-max2-360-degree-camera-2000662591,2025-09-23T15:35:12Z,Positive,0.891,gopro fighting insta360 x5 true 8k max2 360 degree camera gopro also announcing affordable lit hero yes really called action camera mobile gimbal gopro breaking tradition year releasing direct follow hero 13 black instead single flagship action camera gopro releasing three product offer consumer 4291 char
How to spot and stop AI phishing scams,"AI phishing scams now use voice cloning and deepfake technology to trick victims, but Kurt 'CyberGuy' Knutsson reveals warning signs to watch for.",https://www.foxnews.com/tech/how-spot-stop-ai-phishing-scams,2025-10-14T15:00:50Z,Negative,-0.2023,spot stop ai phishing scam ai phishing scam use voice cloning deepfake technology trick victim kurt cyberguy knutsson reveals warning sign watch artificial intelligence lot u need draft email ai covered looking better job ai help even boost health fitness tool li 9652 char
Microsoft is moving GitHub over to Azure servers,"Microsoft acquired GitHub in 2018 for $7.5 billion, in a move that was nervously received by the developer community at the time. The company has mostly remained independent at Microsoft since then, but the resignation of former CEO Thomas Dohmke less than tw…",https://www.theverge.com/tech/796119/microsoft-github-azure-migration-move-notepad,2025-10-08T15:51:24Z,Negative,-0.7906,microsoft moving github azure server microsoft acquired github 2018 7 5 billion move nervously received developer community time company mostly remained independent microsoft since resignation former ceo thomas dohmke less tw ul li li li li li li ul first major change github since losing ceo first major change github since losing ceo tom warrenclose tom warren post fr 10436 char
Samsung just revealed its answer to Ray-Ban Meta,"Gentle Monster and Warby Parker are taking two different approaches to smart glasses, but they're both being built by Samsung.",https://www.androidcentral.com/wearables/samsung-gentle-monster-warby-parker,2025-10-22T02:00:00Z,Positive,0.5994,samsung revealed answer ray ban meta gentle monster warby parker taking two different approach smart glass built samsung ul li samsung google launching android xr platform today part broader xr roadmap ai glass vr headset li li warby parker gentle monster partnering 2540 char
Figma's CEO said his software won't replace the work of a world-class designer,"Dylan Field said Figma's AI tools ""raise the ceiling"" for designers to do more, and remove the ""drudgery"" of the design process.",https://www.businessinsider.com/figma-ceo-dylan-field-software-wont-replace-designers-2025-10,2025-10-02T04:24:53Z,Neutral,0.0,figma ceo said software replace work world class designer dylan field said figma ai tool raise ceiling designer remove drudgery design process figma ceo said design company job world class designer dylan field figma 33 year old billionaire chief executive appeared wednesday rapid response podcast talke 1716 char
New Pinterest Settings Let You Reduce How Much AI Slop You See on Your Feed,"The new settings are available on Android and the web, starting Thursday.",https://www.cnet.com/news/social-media/new-pinterest-settings-let-you-reduce-how-much-ai-slop-you-see-on-your-feed/,2025-10-16T20:01:32Z,Negative,-0.6124,new pinterest setting let reduce much ai slop see feed new setting available android web starting thursday creating ai content easier ever mean slop aka bad useless misleading information made ai present ever especially social medium image pinning site 1159 char
"Nuclear fusion, the ‘holy grail’ of power, was always 30 years away—now it’s a matter of when, not if, fusion comes online to power AI","Fusion has the potential to solve the world's energy demand and climate goals, but questions remain about crossing the technology finish line and scaling up ...",https://finance.yahoo.com/news/nuclear-fusion-holy-grail-power-170000773.html,2025-10-02T17:00:00Z,Positive,0.5574,nuclear fusion holy grail power always 30 year away matter fusion come online power ai fusion potential solve world energy demand climate goal question remain crossing technology finish line scaling microsoft founder bill gate say coolest thing he working fusion energy next generation nuclear fission project know build fusion power plant unlimited 12729 char
"Logitech Open To Adding an AI Agent To Board of Directors, CEO Says","Hanneke Faber, CEO of global tech manufacturing company Logitech, says she'd be open to the idea of having an AI-powered board member. From a report: ""We already use [AI agents] in almost every meeting,"" Faber said at the Fortune Most Powerful Women Summit in…",https://slashdot.org/story/25/10/16/1725256/logitech-open-to-adding-an-ai-agent-to-board-of-directors-ceo-says,2025-10-16T18:10:00Z,Positive,0.7964,logitech open adding ai agent board director ceo say hanneke faber ceo global tech manufacturing company logitech say open idea ai powered board member report already use ai agent almost every meeting faber said fortune powerful woman summit already use ai agent almost every meeting faber said fortune powerful woman summit washington c monday said ai agent today like microsoft copilot 572 char
"AI is supposed to kill jobs. Instead, AI companies are hiring in droves, fueling a resurgence of Silicon Valley offices.","Some AI executives are predicting huge job losses. Yet, AI companies are hiring so much it's boosting Silicon Valley's office market.",https://www.businessinsider.com/ai-supposed-kill-jobs-instead-hiring-office-boom-2025-10,2025-10-08T09:00:01Z,Negative,-0.6808,ai supposed kill job instead ai company hiring drove fueling resurgence silicon valley office ai executive predicting huge job loss yet ai company hiring much boosting silicon valley office market aerial view silicon valleyscience photo library via reuters connect ul li ai executive predicting big job loss due technology li li yet many ai company hir 2772 char
I spent 2 days at Axel Springer's AI summit. My takeaway was that Germany wants to fight like hell to stay in the AI arms race.,Axel Springer hosted business leaders like Sam Altman and politicians to debate the present and future of artificial intelligence this past week.,https://www.businessinsider.com/germany-compete-ai-arms-race-at-axel-springer-summit-2025-9,2025-09-27T09:00:01Z,Positive,0.0516,spent 2 day axel springer ai summit takeaway germany want fight like hell stay ai arm race axel springer hosted business leader like sam altman politician debate present future artificial intelligence past week sam altman mathias döpfner dominik tryba welt ul li flew 2 950 mile berlin welt ai summit two day discussion future ai li li openai sam altman palantir 4746 char
"Michael Dell's advice to leaders: 'If you don't have a crisis, make one'",Dell Technologies founder and CEO Michael Dell said that good leaders act as if in a crisis — even if the going is good.,https://www.businessinsider.com/michael-dell-advice-make-crisis-2025-10,2025-10-14T09:01:02Z,Positive,0.3612,michael dell advice leader crisis make one dell technology founder ceo michael dell said good leader act crisis even going good michael dell said leader get people motivated drive necessary change evelyn hockstein reuters ul li dell technology founder ceo michael dell said good leader 2317 char
"Teachers say AI has been a game changer for them, and they want their students to benefit — while still thinking for themselves","Christina Parks, an English teacher at Upton High School, called AI a ""gift"" for teachers. It's a different story for her students.",https://www.businessinsider.com/teachers-using-ai-in-classrooms-chatgpt-education-benefits-risks-2025-9,2025-09-25T08:03:01Z,Positive,0.9325,teacher say ai game changer want student benefit still thinking christina park english teacher upton high school called ai gift teacher different story student high school teacher said want artificial intelligence tool student shane epping bi ul li high school teacher said ai helped save time creating lesson pl 4800 char
Nearly 90% of BCG employees are using AI — and it's reshaping how they're evaluated,"""There's no box on our forms that says 'Are you using AI?' but it is an expectation,"" Alicia Pittman, BCG's global people team chair told BI.",https://www.businessinsider.com/bcg-head-of-people-ai-core-competencies-performance-evaluations-2025-9,2025-09-29T09:06:01Z,Negative,-0.3182,nearly 90 bcg employee using ai reshaping evaluated box form say using ai expectation alicia pittman bcg global people team chair told bi alicia pittman global people team chair boston consulting group say ai use becoming critical criterion performance boston consulting group ul li boston consulting group integ 4160 char
The ad industry's new pitch: being human is its superpower,"As AI automates many aspects of advertising, agencies are reconfiguring to become more consultative to brands — and focusing ads on human stories.",https://www.businessinsider.com/ad-industry-embraces-human-creativity-ai-era-2025-10,2025-10-16T16:04:15Z,Positive,0.4939,ad industry new pitch human superpower ai automates many aspect advertising agency reconfiguring become consultative brand focusing ad human story advertising week new york speaker attendee discussed secure industry future ai era marco sag shutterstock awnewyork ul li ad industry playing human cr 5919 char
Inside the AI divide roiling video game giant Electronic Arts,The white-collar war over AI is getting ugly: 'When the dogs won't eat the dog food.',https://www.businessinsider.com/inside-ai-divide-roiling-video-game-giant-electronic-arts-2025-10,2025-10-21T08:11:01Z,Negative,-0.7845,inside ai divide roiling video game giant electronic art white collar war ai getting ugly dog eat dog food meme posted last month slack channel employee electronic art show cartoon man asking trio ceo want answer unison ai man asks ai 9991 char
Tech founders and execs roast Meta's new push for AI-generated reels,"Tech founders took to X to dunk on Meta's new Vibes feature, calling it ""AI slop"" and a new way to get vulnerable users hooked on mindless content.",https://www.businessinsider.com/meta-vibes-tech-founders-executives-reactions-ai-generated-content-2025-9,2025-09-27T11:49:01Z,Negative,-0.8481,tech founder exec roast meta new push ai generated reel tech founder took x dunk meta new vibe feature calling ai slop new way get vulnerable user hooked mindless content meta ai vibe criticized tech founder new way get user hooked mindless content cfoto future publishing via getty image ul li meta thursday unveiled vibe fea 3336 char
